question_id,option_id,option_label,weighted_share,weighted_percent,weighted_n,unweighted_n,is_missing,source_url
2025-064c_q1,1,"Conducted a search on a search engine (e.g., Google, Bing)",0.8676787630614385,86.77,1318.0040410903532,1357,false,https://reports.verasight.io/reports/august-ai-survey-2025#which-of-the-following-activities-if-any-have-you-done-in-the-past-month
2025-064c_q1,2,"Asked a question to an AI chatbot (e.g., ChatGPT, Microsoft Copilot, Google Gemini)",0.5871231187584449,58.71,891.8400173940968,941,false,https://reports.verasight.io/reports/august-ai-survey-2025#which-of-the-following-activities-if-any-have-you-done-in-the-past-month
2025-064c_q1,3,Traded cryptocurrency,0.11177030210014448,11.18,169.77908889012306,189,false,https://reports.verasight.io/reports/august-ai-survey-2025#which-of-the-following-activities-if-any-have-you-done-in-the-past-month
2025-064c_q1,4,Rode in a self-driving car,0.03812696426242512,3.81,57.91485871462499,56,false,https://reports.verasight.io/reports/august-ai-survey-2025#which-of-the-following-activities-if-any-have-you-done-in-the-past-month
2025-064c_q1,5,Used a virtual reality headset,0.07452382830958797,7.45,113.20169520226654,141,false,https://reports.verasight.io/reports/august-ai-survey-2025#which-of-the-following-activities-if-any-have-you-done-in-the-past-month
2025-064c_q1,6,Watched television,0.8973105578678254,89.73,1363.0147374012558,1396,false,https://reports.verasight.io/reports/august-ai-survey-2025#which-of-the-following-activities-if-any-have-you-done-in-the-past-month
2025-064c_q1,7,Read a newspaper,0.29673486475212135,29.67,450.7402595584819,520,false,https://reports.verasight.io/reports/august-ai-survey-2025#which-of-the-following-activities-if-any-have-you-done-in-the-past-month
2025-064c_q1,8,None of the above,0.0146241218749957,1.46,22.21404112811894,12,false,https://reports.verasight.io/reports/august-ai-survey-2025#which-of-the-following-activities-if-any-have-you-done-in-the-past-month
2025-064c_q10,1,ChatGPT,0.46487152629309725,46.49,665.9526335168164,725,false,https://reports.verasight.io/reports/august-ai-survey-2025#which-of-the-following-ai-tools-have-you-used-in-the-last-month
2025-064c_q10,2,None of the above,0.2876451656633274,28.76,412.0666566080414,376,false,https://reports.verasight.io/reports/august-ai-survey-2025#which-of-the-following-ai-tools-have-you-used-in-the-last-month
2025-064c_q10,3,Microsoft Copilot,0.18240630944402697,18.24,261.3065229289713,301,false,https://reports.verasight.io/reports/august-ai-survey-2025#which-of-the-following-ai-tools-have-you-used-in-the-last-month
2025-064c_q10,4,Google Gemini,0.3739311226898976,37.39,535.6757766924017,569,false,https://reports.verasight.io/reports/august-ai-survey-2025#which-of-the-following-ai-tools-have-you-used-in-the-last-month
2025-064c_q10,5,Claude AI,0.03263961093853453,3.26,46.757939843742406,56,false,https://reports.verasight.io/reports/august-ai-survey-2025#which-of-the-following-ai-tools-have-you-used-in-the-last-month
2025-064c_q10,6,Grok,0.06892219937415163,6.89,98.73463437734516,119,false,https://reports.verasight.io/reports/august-ai-survey-2025#which-of-the-following-ai-tools-have-you-used-in-the-last-month
2025-064c_q10,7,Deepseek,0.02522662981708706,2.52,36.13845893166382,36,false,https://reports.verasight.io/reports/august-ai-survey-2025#which-of-the-following-ai-tools-have-you-used-in-the-last-month
2025-064c_q10,8,Perplexity,0.03152378569113569,3.15,45.15946215685284,60,false,https://reports.verasight.io/reports/august-ai-survey-2025#which-of-the-following-ai-tools-have-you-used-in-the-last-month
2025-064c_q10,9,Llama by Meta,0.02118841373033635,2.12,30.35350441073226,42,false,https://reports.verasight.io/reports/august-ai-survey-2025#which-of-the-following-ai-tools-have-you-used-in-the-last-month
2025-064c_q11,1,Personal organization,0.29922830740334566,29.92,282.1460750241412,308,false,https://reports.verasight.io/reports/august-ai-survey-2025#when-it-comes-to-your-personal-life-what-types-of-tasks-do-you-use-ai-for
2025-064c_q11,2,Managing your calendar and scheduling,0.20163962672962785,20.16,190.12850002326118,233,false,https://reports.verasight.io/reports/august-ai-survey-2025#when-it-comes-to-your-personal-life-what-types-of-tasks-do-you-use-ai-for
2025-064c_q11,3,"Entertainment (e.g., storytelling, games, music)",0.30011526915108044,30.01,282.982402235265,321,false,https://reports.verasight.io/reports/august-ai-survey-2025#when-it-comes-to-your-personal-life-what-types-of-tasks-do-you-use-ai-for
2025-064c_q11,4,"Writing or editing personal messages, emails, or social media posts",0.453826111814732,45.38,427.91825848012,511,false,https://reports.verasight.io/reports/august-ai-survey-2025#when-it-comes-to-your-personal-life-what-types-of-tasks-do-you-use-ai-for
2025-064c_q11,5,"Getting recommendations (e.g., movies, restaurants, gifts)",0.3979641326983502,39.8,375.2453068882699,431,false,https://reports.verasight.io/reports/august-ai-survey-2025#when-it-comes-to-your-personal-life-what-types-of-tasks-do-you-use-ai-for
2025-064c_q11,6,Planning a trip,0.22716181790335474,22.72,214.19369000535815,245,false,https://reports.verasight.io/reports/august-ai-survey-2025#when-it-comes-to-your-personal-life-what-types-of-tasks-do-you-use-ai-for
2025-064c_q11,7,Getting advice on health and fitness,0.34698841401623887,34.7,327.17967074407505,384,false,https://reports.verasight.io/reports/august-ai-survey-2025#when-it-comes-to-your-personal-life-what-types-of-tasks-do-you-use-ai-for
2025-064c_q11,8,Other (please specify):,0.16827517951030677,16.83,158.66874974103803,147,false,https://reports.verasight.io/reports/august-ai-survey-2025#when-it-comes-to-your-personal-life-what-types-of-tasks-do-you-use-ai-for
2025-064c_q11,9,I do not use AI for my personal life,0.06656142668043695,6.66,62.761593142248486,59,false,https://reports.verasight.io/reports/august-ai-survey-2025#when-it-comes-to-your-personal-life-what-types-of-tasks-do-you-use-ai-for
2025-064c_q12,1,Yes (please describe):,0.28759321512988706,28.76,271.1752024954436,318,false,https://reports.verasight.io/reports/august-ai-survey-2025#are-there-any-tasks-that-ai-now-does-for-you-that-you-used-to-do-yourself
2025-064c_q12,2,No,0.712406784870113,71.24,671.7371759240942,703,false,https://reports.verasight.io/reports/august-ai-survey-2025#are-there-any-tasks-that-ai-now-does-for-you-that-you-used-to-do-yourself
2025-064c_q13,1,I used an AI tool for mental-health or emotional-support purposes in the past 30 days,0.10670030495184844,10.67,162.07776322186123,195,false,https://reports.verasight.io/reports/august-ai-survey-2025#which-best-describes-you
2025-064c_q13,2,"I have used an AI for that before, but not in the past 30 days",0.10957619473102792,10.96,166.44623979643495,158,false,https://reports.verasight.io/reports/august-ai-survey-2025#which-best-describes-you
2025-064c_q13,3,I’ve never used an AI for mental-health or emotional-support purposes,0.7441067950612554,74.41,1130.298221698071,1118,false,https://reports.verasight.io/reports/august-ai-survey-2025#which-best-describes-you
2025-064c_q13,4,Prefer not to say,0.039616705255868,3.96,60.17777528366477,48,false,https://reports.verasight.io/reports/august-ai-survey-2025#which-best-describes-you
2025-064c_q14,1,"Coping strategies (e.g., reframing, breathing prompts)",0.32462177411427673,32.46,106.64604469892332,129,false,https://reports.verasight.io/reports/august-ai-survey-2025#when-it-comes-to-your-physical-and-mental-health-what-did-you-use-ai-for
2025-064c_q14,2,Mood tracking or journaling prompts,0.21177548683193226,21.18,69.57333067517486,87,false,https://reports.verasight.io/reports/august-ai-survey-2025#when-it-comes-to-your-physical-and-mental-health-what-did-you-use-ai-for
2025-064c_q14,3,Talking through feelings (“therapy-like” conversation),0.41868427470576597,41.87,137.5478339271502,150,false,https://reports.verasight.io/reports/august-ai-survey-2025#when-it-comes-to-your-physical-and-mental-health-what-did-you-use-ai-for
2025-064c_q14,4,Relationship/family advice,0.3191248184706826,31.91,104.84016282647575,130,false,https://reports.verasight.io/reports/august-ai-survey-2025#when-it-comes-to-your-physical-and-mental-health-what-did-you-use-ai-for
2025-064c_q14,5,"Stress, anxiety, or sleep support",0.4033590037701142,40.34,132.51311457202993,161,false,https://reports.verasight.io/reports/august-ai-survey-2025#when-it-comes-to-your-physical-and-mental-health-what-did-you-use-ai-for
2025-064c_q14,6,Crisis information or safety resources,0.1767627101913689,17.68,58.07079313643149,76,false,https://reports.verasight.io/reports/august-ai-survey-2025#when-it-comes-to-your-physical-and-mental-health-what-did-you-use-ai-for
2025-064c_q14,7,Scheduling or finding human therapy,0.09607832967531864,9.61,31.564037468247236,47,false,https://reports.verasight.io/reports/august-ai-survey-2025#when-it-comes-to-your-physical-and-mental-health-what-did-you-use-ai-for
2025-064c_q14,8,Other (please specify),0.025764831088289496,2.58,8.46436544621511,9,false,https://reports.verasight.io/reports/august-ai-survey-2025#when-it-comes-to-your-physical-and-mental-health-what-did-you-use-ai-for
2025-064c_q14,9,I haven't used AI for these purposes,0.13343336621900193,13.34,43.836063606472806,38,false,https://reports.verasight.io/reports/august-ai-survey-2025#when-it-comes-to-your-physical-and-mental-health-what-did-you-use-ai-for
2025-064c_q15,1,Much more comfortable with AI,0.05028949443421,5.03,76.3897420455666,96,false,https://reports.verasight.io/reports/august-ai-survey-2025#compared-with-talking-to-a-human-you-know-how-comfortable-would-you-be-discussing-sensitive-personal-topics-with-an-ai-assistant
2025-064c_q15,2,Somewhat more comfortable with AI,0.13136892595054872,13.14,199.54939851888776,214,false,https://reports.verasight.io/reports/august-ai-survey-2025#compared-with-talking-to-a-human-you-know-how-comfortable-would-you-be-discussing-sensitive-personal-topics-with-an-ai-assistant
2025-064c_q15,3,About the same,0.20896127900440256,20.9,317.41218280769425,333,false,https://reports.verasight.io/reports/august-ai-survey-2025#compared-with-talking-to-a-human-you-know-how-comfortable-would-you-be-discussing-sensitive-personal-topics-with-an-ai-assistant
2025-064c_q15,4,Somewhat less comfortable with AI,0.11915813667324676,11.92,181.00120960666567,189,false,https://reports.verasight.io/reports/august-ai-survey-2025#compared-with-talking-to-a-human-you-know-how-comfortable-would-you-be-discussing-sensitive-personal-topics-with-an-ai-assistant
2025-064c_q15,5,Much less comfortable with AI,0.36362657978110413,36.36,552.3487746875089,520,false,https://reports.verasight.io/reports/august-ai-survey-2025#compared-with-talking-to-a-human-you-know-how-comfortable-would-you-be-discussing-sensitive-personal-topics-with-an-ai-assistant
2025-064c_q15,6,Don’t know/Not sure,0.12659558415648767,12.66,192.29869233370886,167,false,https://reports.verasight.io/reports/august-ai-survey-2025#compared-with-talking-to-a-human-you-know-how-comfortable-would-you-be-discussing-sensitive-personal-topics-with-an-ai-assistant
2025-064c_q16,1,Very likely,0.04797659037744048,4.8,72.87644078333363,95,false,https://reports.verasight.io/reports/august-ai-survey-2025#if-you-felt-significantly-distressed-tonight-how-likely-is-it-that-you-would-consult-an-ai-assistant-before-reaching-out-to-a-human
2025-064c_q16,2,Somewhat likely,0.13268216168439007,13.27,201.5442035985928,221,false,https://reports.verasight.io/reports/august-ai-survey-2025#if-you-felt-significantly-distressed-tonight-how-likely-is-it-that-you-would-consult-an-ai-assistant-before-reaching-out-to-a-human
2025-064c_q16,3,Not very likely,0.2015885540941215,20.16,306.21301366897706,299,false,https://reports.verasight.io/reports/august-ai-survey-2025#if-you-felt-significantly-distressed-tonight-how-likely-is-it-that-you-would-consult-an-ai-assistant-before-reaching-out-to-a-human
2025-064c_q16,4,Not at all likely,0.5517671633023601,55.18,838.1343210563027,809,false,https://reports.verasight.io/reports/august-ai-survey-2025#if-you-felt-significantly-distressed-tonight-how-likely-is-it-that-you-would-consult-an-ai-assistant-before-reaching-out-to-a-human
2025-064c_q16,5,Not sure,0.06598553054168778,6.6,100.23202089282586,95,false,https://reports.verasight.io/reports/august-ai-survey-2025#if-you-felt-significantly-distressed-tonight-how-likely-is-it-that-you-would-consult-an-ai-assistant-before-reaching-out-to-a-human
2025-064c_q17,1,Very beneficial,0.17591560045547328,17.59,57.79249725499929,82,false,https://reports.verasight.io/reports/august-ai-survey-2025#overall-interacting-with-ai-about-feelings-mental-health-has-been
2025-064c_q17,2,Somewhat beneficial,0.3718806022433661,37.19,122.1717040938454,133,false,https://reports.verasight.io/reports/august-ai-survey-2025#overall-interacting-with-ai-about-feelings-mental-health-has-been
2025-064c_q17,3,Neither beneficial nor harmful,0.28251014285927195,28.25,92.81136302539875,85,false,https://reports.verasight.io/reports/august-ai-survey-2025#overall-interacting-with-ai-about-feelings-mental-health-has-been
2025-064c_q17,4,Somewhat harmful,0.05219871921620232,5.22,17.148532189334844,16,false,https://reports.verasight.io/reports/august-ai-survey-2025#overall-interacting-with-ai-about-feelings-mental-health-has-been
2025-064c_q17,5,Very harmful,0.0351231912113043,3.51,11.538811375514728,9,false,https://reports.verasight.io/reports/august-ai-survey-2025#overall-interacting-with-ai-about-feelings-mental-health-has-been
2025-064c_q17,6,I haven’t used AI for this,0.08237174401438198,8.24,27.061095079203145,28,false,https://reports.verasight.io/reports/august-ai-survey-2025#overall-interacting-with-ai-about-feelings-mental-health-has-been
2025-064c_q18,1,Not at all,0.39794502389150693,39.79,130.73449223004937,125,false,https://reports.verasight.io/reports/august-ai-survey-2025#thinking-about-any-ai-you-use-most-often-how-emotionally-attached-do-you-feel-to-it
2025-064c_q18,2,A little,0.16442709569565453,16.44,54.01824768260888,70,false,https://reports.verasight.io/reports/august-ai-survey-2025#thinking-about-any-ai-you-use-most-often-how-emotionally-attached-do-you-feel-to-it
2025-064c_q18,3,Somewhat,0.23506945556613362,23.51,77.22595852991772,88,false,https://reports.verasight.io/reports/august-ai-survey-2025#thinking-about-any-ai-you-use-most-often-how-emotionally-attached-do-you-feel-to-it
2025-064c_q18,4,Very,0.12056728277206005,12.06,39.609246369316025,36,false,https://reports.verasight.io/reports/august-ai-survey-2025#thinking-about-any-ai-you-use-most-often-how-emotionally-attached-do-you-feel-to-it
2025-064c_q18,5,Extremely,0.03468039675841503,3.47,11.393342769337249,19,false,https://reports.verasight.io/reports/august-ai-survey-2025#thinking-about-any-ai-you-use-most-often-how-emotionally-attached-do-you-feel-to-it
2025-064c_q18,6,I don’t use an AI assistant,0.04731074531622983,4.73,15.54271543706693,15,false,https://reports.verasight.io/reports/august-ai-survey-2025#thinking-about-any-ai-you-use-most-often-how-emotionally-attached-do-you-feel-to-it
2025-064c_q19,1,"Yes, I routinely see a mental health professional (therapist, psychiatrist, etc)",0.21605603906040505,21.61,70.97959482840163,88,false,https://reports.verasight.io/reports/august-ai-survey-2025#if-you-were-not-longer-able-to-chat-with-an-ai-chatbot-would-you-have-someone-else-to-talk-to-about-your-mental-health
2025-064c_q19,2,"Yes, I have a strong support network of friends and family",0.5258196126351692,52.58,172.74436400843564,187,false,https://reports.verasight.io/reports/august-ai-survey-2025#if-you-were-not-longer-able-to-chat-with-an-ai-chatbot-would-you-have-someone-else-to-talk-to-about-your-mental-health
2025-064c_q19,3,"No, I do not have anyone else to talk to",0.17473289187054045,17.47,57.40394909627305,55,false,https://reports.verasight.io/reports/august-ai-survey-2025#if-you-were-not-longer-able-to-chat-with-an-ai-chatbot-would-you-have-someone-else-to-talk-to-about-your-mental-health
2025-064c_q19,4,I don’t use an AI chatbot for mental health purposes,0.08339145643388525,8.34,27.396095085185834,23,false,https://reports.verasight.io/reports/august-ai-survey-2025#if-you-were-not-longer-able-to-chat-with-an-ai-chatbot-would-you-have-someone-else-to-talk-to-about-your-mental-health
2025-064c_q20,1,Chatted with an AI “just to keep it company”,0.19694637479997984,19.69,64.70161142923106,81,false,https://reports.verasight.io/reports/august-ai-survey-2025#in-the-past-30-days-have-you
2025-064c_q20,2,Given your AI a name or nickname,0.16311462741204344,16.31,53.58707034824242,72,false,https://reports.verasight.io/reports/august-ai-survey-2025#in-the-past-30-days-have-you
2025-064c_q20,3,Told the AI something you haven’t told people close to you,0.32208539586592777,32.21,105.81278356360718,116,false,https://reports.verasight.io/reports/august-ai-survey-2025#in-the-past-30-days-have-you
2025-064c_q20,4,"Felt jealous or protective about your AI (e.g., dislike when others use “your” bot)",0.09561046375225661,9.56,31.410332282327047,37,false,https://reports.verasight.io/reports/august-ai-survey-2025#in-the-past-30-days-have-you
2025-064c_q20,5,Described an AI as a friend/partner when talking to others,0.10852760116027214,10.85,35.65392197114569,54,false,https://reports.verasight.io/reports/august-ai-survey-2025#in-the-past-30-days-have-you
2025-064c_q20,6,Purchased or subscribed to a companion AI product,0.03402352613202682,3.4,11.177545001691056,16,false,https://reports.verasight.io/reports/august-ai-survey-2025#in-the-past-30-days-have-you
2025-064c_q20,7,None of the above,0.4064298081110242,40.64,133.52194750659166,132,false,https://reports.verasight.io/reports/august-ai-survey-2025#in-the-past-30-days-have-you
2025-064c_q21,1,Not upset,0.25026594534984237,25.03,82.21837018548835,90,false,https://reports.verasight.io/reports/august-ai-survey-2025#if-your-primary-ai-assistant-that-you-use-for-mental-health-were-permanently-shut-down-tomorrow-how-would-you-feel
2025-064c_q21,2,Slightly upset,0.22889452507025046,22.89,75.19734564505043,84,false,https://reports.verasight.io/reports/august-ai-survey-2025#if-your-primary-ai-assistant-that-you-use-for-mental-health-were-permanently-shut-down-tomorrow-how-would-you-feel
2025-064c_q21,3,Moderately upset,0.1953368608550448,19.53,64.17284746512725,82,false,https://reports.verasight.io/reports/august-ai-survey-2025#if-your-primary-ai-assistant-that-you-use-for-mental-health-were-permanently-shut-down-tomorrow-how-would-you-feel
2025-064c_q21,4,Very upset,0.11809233660671332,11.81,38.796167147821535,42,false,https://reports.verasight.io/reports/august-ai-survey-2025#if-your-primary-ai-assistant-that-you-use-for-mental-health-were-permanently-shut-down-tomorrow-how-would-you-feel
2025-064c_q21,5,Devastated,0.044140385511075894,4.41,14.501176142869454,16,false,https://reports.verasight.io/reports/august-ai-survey-2025#if-your-primary-ai-assistant-that-you-use-for-mental-health-were-permanently-shut-down-tomorrow-how-would-you-feel
2025-064c_q21,6,Not sure / I don’t use an AI chatbot for mental health purposes,0.1632699466070731,16.33,53.63809643193915,39,false,https://reports.verasight.io/reports/august-ai-survey-2025#if-your-primary-ai-assistant-that-you-use-for-mental-health-were-permanently-shut-down-tomorrow-how-would-you-feel
2025-064c_q22_1,1,Definitely yes,0.1348686441643682,13.49,44.30758686252841,61,false,https://reports.verasight.io/reports/august-ai-survey-2025#to-what-extent-do-you-believe-your-main-ai-assistant-understands-you
2025-064c_q22_1,2,Probably yes,0.3579302198678845,35.79,117.5886686322163,138,false,https://reports.verasight.io/reports/august-ai-survey-2025#to-what-extent-do-you-believe-your-main-ai-assistant-understands-you
2025-064c_q22_1,3,Probably no,0.20279038277216654,20.28,66.62150832192468,66,false,https://reports.verasight.io/reports/august-ai-survey-2025#to-what-extent-do-you-believe-your-main-ai-assistant-understands-you
2025-064c_q22_1,4,Definitely no,0.1750147776617166,17.5,57.49655534478423,44,false,https://reports.verasight.io/reports/august-ai-survey-2025#to-what-extent-do-you-believe-your-main-ai-assistant-understands-you
2025-064c_q22_1,5,Not sure,0.12939597553386412,12.94,42.50968385684256,44,false,https://reports.verasight.io/reports/august-ai-survey-2025#to-what-extent-do-you-believe-your-main-ai-assistant-understands-you
2025-064c_q22_2,1,Definitely yes,0.09500718856302377,9.5,31.212141902238656,46,false,https://reports.verasight.io/reports/august-ai-survey-2025#to-what-extent-do-you-believe-your-main-ai-assistant-has-intentions
2025-064c_q22_2,2,Probably yes,0.27291292016534846,27.29,89.65844500813296,95,false,https://reports.verasight.io/reports/august-ai-survey-2025#to-what-extent-do-you-believe-your-main-ai-assistant-has-intentions
2025-064c_q22_2,3,Probably no,0.2604414392603358,26.04,85.56126417765196,89,false,https://reports.verasight.io/reports/august-ai-survey-2025#to-what-extent-do-you-believe-your-main-ai-assistant-has-intentions
2025-064c_q22_2,4,Definitely no,0.21463256254297436,21.46,70.51194862469275,74,false,https://reports.verasight.io/reports/august-ai-survey-2025#to-what-extent-do-you-believe-your-main-ai-assistant-has-intentions
2025-064c_q22_2,5,Not sure,0.1570058894683176,15.7,51.58020330557984,49,false,https://reports.verasight.io/reports/august-ai-survey-2025#to-what-extent-do-you-believe-your-main-ai-assistant-has-intentions
2025-064c_q22_3,1,Definitely yes,0.07879865089403196,7.88,25.88724822414862,34,false,https://reports.verasight.io/reports/august-ai-survey-2025#to-what-extent-do-you-believe-your-main-ai-assistant-has-feelings
2025-064c_q22_3,2,Probably yes,0.15406528494056057,15.41,50.614144134827384,73,false,https://reports.verasight.io/reports/august-ai-survey-2025#to-what-extent-do-you-believe-your-main-ai-assistant-has-feelings
2025-064c_q22_3,3,Probably no,0.25136065909846833,25.14,82.57800992834612,82,false,https://reports.verasight.io/reports/august-ai-survey-2025#to-what-extent-do-you-believe-your-main-ai-assistant-has-feelings
2025-064c_q22_3,4,Definitely no,0.40297029548568924,40.3,132.38541457042427,127,false,https://reports.verasight.io/reports/august-ai-survey-2025#to-what-extent-do-you-believe-your-main-ai-assistant-has-feelings
2025-064c_q22_3,5,Not sure,0.11280510958124991,11.28,37.05918616054978,37,false,https://reports.verasight.io/reports/august-ai-survey-2025#to-what-extent-do-you-believe-your-main-ai-assistant-has-feelings
2025-064c_q22_4,1,Definitely yes,0.08062676598580688,8.06,26.487827912076682,31,false,https://reports.verasight.io/reports/august-ai-survey-2025#to-what-extent-do-you-believe-your-main-ai-assistant-is-conscious
2025-064c_q22_4,2,Probably yes,0.2344299596048199,23.44,77.01586875679291,90,false,https://reports.verasight.io/reports/august-ai-survey-2025#to-what-extent-do-you-believe-your-main-ai-assistant-is-conscious
2025-064c_q22_4,3,Probably no,0.20319954235416265,20.32,66.75592706567534,72,false,https://reports.verasight.io/reports/august-ai-survey-2025#to-what-extent-do-you-believe-your-main-ai-assistant-is-conscious
2025-064c_q22_4,4,Definitely no,0.3745414316423807,37.45,123.04585041935844,128,false,https://reports.verasight.io/reports/august-ai-survey-2025#to-what-extent-do-you-believe-your-main-ai-assistant-is-conscious
2025-064c_q22_4,5,Not sure,0.10720230041282978,10.72,35.21852886439279,32,false,https://reports.verasight.io/reports/august-ai-survey-2025#to-what-extent-do-you-believe-your-main-ai-assistant-is-conscious
2025-064c_q22_5,1,Definitely yes,0.09093692313211856,9.09,29.874962009530684,41,false,https://reports.verasight.io/reports/august-ai-survey-2025#to-what-extent-do-you-believe-your-main-ai-assistant-can-be-morally-responsible-for-its-actions
2025-064c_q22_5,2,Probably yes,0.1979519102599085,19.8,65.03195396370367,76,false,https://reports.verasight.io/reports/august-ai-survey-2025#to-what-extent-do-you-believe-your-main-ai-assistant-can-be-morally-responsible-for-its-actions
2025-064c_q22_5,3,Probably no,0.19642675151030084,19.64,64.53090270604419,67,false,https://reports.verasight.io/reports/august-ai-survey-2025#to-what-extent-do-you-believe-your-main-ai-assistant-can-be-morally-responsible-for-its-actions
2025-064c_q22_5,4,Definitely no,0.38390972406770496,38.39,126.12355934837196,129,false,https://reports.verasight.io/reports/august-ai-survey-2025#to-what-extent-do-you-believe-your-main-ai-assistant-can-be-morally-responsible-for-its-actions
2025-064c_q22_5,5,Not sure,0.1307746910299671,13.08,42.962624990645665,40,false,https://reports.verasight.io/reports/august-ai-survey-2025#to-what-extent-do-you-believe-your-main-ai-assistant-can-be-morally-responsible-for-its-actions
2025-064c_q23,1,"No AI should have legal rights, regardless of capability",0.3430655784608688,34.31,112.70527713375199,122,false,https://reports.verasight.io/reports/august-ai-survey-2025#which-statement-is-closest-to-your-view
2025-064c_q23,2,"Some very advanced AIs should have limited rights (e.g., protections, obligations)",0.3798468920278822,37.98,124.78882150305839,140,false,https://reports.verasight.io/reports/august-ai-survey-2025#which-statement-is-closest-to-your-view
2025-064c_q23,3,Advanced AIs should eventually have rights similar to humans,0.08020027833736523,8.02,26.347716482572768,32,false,https://reports.verasight.io/reports/august-ai-survey-2025#which-statement-is-closest-to-your-view
2025-064c_q23,4,Don’t know/not sure,0.19688725117388373,19.69,64.68218789891301,59,false,https://reports.verasight.io/reports/august-ai-survey-2025#which-statement-is-closest-to-your-view
2025-064c_q24,1,Multiple times per day,0.2225452316503884,22.25,338.04620687694717,366,false,https://reports.verasight.io/reports/august-ai-survey-2025#how-often-do-you-drink-coffee
2025-064c_q24,2,About once a day,0.3395071679952111,33.95,515.7113881847366,556,false,https://reports.verasight.io/reports/august-ai-survey-2025#how-often-do-you-drink-coffee
2025-064c_q24,3,A few times a week,0.10538470792491104,10.54,160.0793713379433,181,false,https://reports.verasight.io/reports/august-ai-survey-2025#how-often-do-you-drink-coffee
2025-064c_q24,4,About once a week,0.041719207111477384,4.17,63.371475602335494,48,false,https://reports.verasight.io/reports/august-ai-survey-2025#how-often-do-you-drink-coffee
2025-064c_q24,5,A few times per month,0.05228788965358093,5.23,79.42530438379112,64,false,https://reports.verasight.io/reports/august-ai-survey-2025#how-often-do-you-drink-coffee
2025-064c_q24,6,Less than once a month,0.06679455584630185,6.68,101.46093033053467,84,false,https://reports.verasight.io/reports/august-ai-survey-2025#how-often-do-you-drink-coffee
2025-064c_q24,7,Never,0.1717612398181292,17.18,260.9053232837438,220,false,https://reports.verasight.io/reports/august-ai-survey-2025#how-often-do-you-drink-coffee
2025-064c_q25_1,1,Often,0.4565675466769584,45.66,574.4052000356968,643,false,https://reports.verasight.io/reports/august-ai-survey-2025#how-often-do-you-drink-each-of-the-following-types-of-coffee-drip-coffee
2025-064c_q25_1,2,Sometimes,0.21373110694595288,21.37,268.893967897383,271,false,https://reports.verasight.io/reports/august-ai-survey-2025#how-often-do-you-drink-each-of-the-following-types-of-coffee-drip-coffee
2025-064c_q25_1,3,Rarely,0.16392448771259435,16.39,206.23252537465956,198,false,https://reports.verasight.io/reports/august-ai-survey-2025#how-often-do-you-drink-each-of-the-following-types-of-coffee-drip-coffee
2025-064c_q25_1,4,Never,0.1657768586644945,16.58,208.562983408549,187,false,https://reports.verasight.io/reports/august-ai-survey-2025#how-often-do-you-drink-each-of-the-following-types-of-coffee-drip-coffee
2025-064c_q25_2,1,Often,0.11311444295378674,11.31,142.30867853988735,159,false,https://reports.verasight.io/reports/august-ai-survey-2025#how-often-do-you-drink-each-of-the-following-types-of-coffee-espresso
2025-064c_q25_2,2,Sometimes,0.24502426800230104,24.5,308.2637272400001,362,false,https://reports.verasight.io/reports/august-ai-survey-2025#how-often-do-you-drink-each-of-the-following-types-of-coffee-espresso
2025-064c_q25_2,3,Rarely,0.3167719728635862,31.68,398.5291327925943,392,false,https://reports.verasight.io/reports/august-ai-survey-2025#how-often-do-you-drink-each-of-the-following-types-of-coffee-espresso
2025-064c_q25_2,4,Never,0.3250893161803261,32.51,408.99313814380656,386,false,https://reports.verasight.io/reports/august-ai-survey-2025#how-often-do-you-drink-each-of-the-following-types-of-coffee-espresso
2025-064c_q25_3,1,Often,0.11634389754047218,11.63,146.3716381640933,185,false,https://reports.verasight.io/reports/august-ai-survey-2025#how-often-do-you-drink-each-of-the-following-types-of-coffee-latte-cappuccino
2025-064c_q25_3,2,Sometimes,0.3219922314432944,32.2,405.0967123228077,450,false,https://reports.verasight.io/reports/august-ai-survey-2025#how-often-do-you-drink-each-of-the-following-types-of-coffee-latte-cappuccino
2025-064c_q25_3,3,Rarely,0.3255206872963766,32.55,409.53584384859886,372,false,https://reports.verasight.io/reports/august-ai-survey-2025#how-often-do-you-drink-each-of-the-following-types-of-coffee-latte-cappuccino
2025-064c_q25_3,4,Never,0.23614318371985688,23.61,297.0904823807884,292,false,https://reports.verasight.io/reports/august-ai-survey-2025#how-often-do-you-drink-each-of-the-following-types-of-coffee-latte-cappuccino
2025-064c_q25_4,1,Often,0.20143644546224784,20.14,253.4261197327049,272,false,https://reports.verasight.io/reports/august-ai-survey-2025#how-often-do-you-drink-each-of-the-following-types-of-coffee-cold-brew-iced-coffee
2025-064c_q25_4,2,Sometimes,0.2832360854602661,28.32,356.33781137152044,390,false,https://reports.verasight.io/reports/august-ai-survey-2025#how-often-do-you-drink-each-of-the-following-types-of-coffee-cold-brew-iced-coffee
2025-064c_q25_4,3,Rarely,0.24872174714371995,24.87,312.9155060650887,306,false,https://reports.verasight.io/reports/august-ai-survey-2025#how-often-do-you-drink-each-of-the-following-types-of-coffee-cold-brew-iced-coffee
2025-064c_q25_4,4,Never,0.26660572193376625,26.66,335.41523954697425,331,false,https://reports.verasight.io/reports/august-ai-survey-2025#how-often-do-you-drink-each-of-the-following-types-of-coffee-cold-brew-iced-coffee
2025-064c_q25_5,1,Often,0.1352220157131888,13.52,170.1220981436091,164,false,https://reports.verasight.io/reports/august-ai-survey-2025#how-often-do-you-drink-each-of-the-following-types-of-coffee-instant-coffee
2025-064c_q25_5,2,Sometimes,0.17730768805455835,17.73,223.06985848231204,241,false,https://reports.verasight.io/reports/august-ai-survey-2025#how-often-do-you-drink-each-of-the-following-types-of-coffee-instant-coffee
2025-064c_q25_5,3,Rarely,0.24564593709667398,24.56,309.0458458183097,321,false,https://reports.verasight.io/reports/august-ai-survey-2025#how-often-do-you-drink-each-of-the-following-types-of-coffee-instant-coffee
2025-064c_q25_5,4,Never,0.441824359135579,44.18,555.8568742720574,573,false,https://reports.verasight.io/reports/august-ai-survey-2025#how-often-do-you-drink-each-of-the-following-types-of-coffee-instant-coffee
2025-064c_q26,1,Daily,0.050396245660970035,5.04,63.40324839255274,71,false,https://reports.verasight.io/reports/august-ai-survey-2025#how-often-do-you-buy-coffee-from-a-coffee-shop
2025-064c_q26,2,A few times per week,0.1272817233059048,12.73,160.13245853443433,211,false,https://reports.verasight.io/reports/august-ai-survey-2025#how-often-do-you-buy-coffee-from-a-coffee-shop
2025-064c_q26,3,About once a week,0.13228111072244778,13.23,166.42216123002945,204,false,https://reports.verasight.io/reports/august-ai-survey-2025#how-often-do-you-buy-coffee-from-a-coffee-shop
2025-064c_q26,4,A few times a month,0.21921077255580204,21.92,275.78790603131955,282,false,https://reports.verasight.io/reports/august-ai-survey-2025#how-often-do-you-buy-coffee-from-a-coffee-shop
2025-064c_q26,5,Less than once a month,0.32914170374067603,32.91,414.0914253614741,385,false,https://reports.verasight.io/reports/august-ai-survey-2025#how-often-do-you-buy-coffee-from-a-coffee-shop
2025-064c_q26,6,Never,0.1416884440141994,14.17,178.25747716647808,146,false,https://reports.verasight.io/reports/august-ai-survey-2025#how-often-do-you-buy-coffee-from-a-coffee-shop
2025-064c_q27,1,Less than $5,0.3760542963737894,37.61,473.1119084241538,427,false,https://reports.verasight.io/reports/august-ai-survey-2025#which-comes-closest-to-your-weekly-coffee-budget
2025-064c_q27,2,$5 - 10,0.3704049451932322,37.04,466.0044897769939,496,false,https://reports.verasight.io/reports/august-ai-survey-2025#which-comes-closest-to-your-weekly-coffee-budget
2025-064c_q27,3,$11 - 20,0.17601707489149468,17.6,221.44614493216167,263,false,https://reports.verasight.io/reports/august-ai-survey-2025#which-comes-closest-to-your-weekly-coffee-budget
2025-064c_q27,4,More than $20,0.0775236835414838,7.75,97.53213358297889,113,false,https://reports.verasight.io/reports/august-ai-survey-2025#which-comes-closest-to-your-weekly-coffee-budget
2025-064c_q28,1,Starbucks,0.9063165824242698,90.63,1376.694888702495,1391,false,https://reports.verasight.io/reports/august-ai-survey-2025#which-of-the-following-coffee-brands-have-you-heard-of
2025-064c_q28,2,None of the above,0.025667957837462438,2.57,38.98962795510627,32,false,https://reports.verasight.io/reports/august-ai-survey-2025#which-of-the-following-coffee-brands-have-you-heard-of
2025-064c_q28,3,Dunkin',0.8663140608797506,86.63,1315.9310584763691,1339,false,https://reports.verasight.io/reports/august-ai-survey-2025#which-of-the-following-coffee-brands-have-you-heard-of
2025-064c_q28,4,Peet's Coffee,0.5711137582564927,57.11,867.5217987916309,915,false,https://reports.verasight.io/reports/august-ai-survey-2025#which-of-the-following-coffee-brands-have-you-heard-of
2025-064c_q28,5,Tim Hortons,0.5153523158519484,51.54,782.8201677791263,821,false,https://reports.verasight.io/reports/august-ai-survey-2025#which-of-the-following-coffee-brands-have-you-heard-of
2025-064c_q28,6,Folgers,0.8524571357498134,85.25,1294.882389203994,1325,false,https://reports.verasight.io/reports/august-ai-survey-2025#which-of-the-following-coffee-brands-have-you-heard-of
2025-064c_q28,7,Maxwell House,0.7949311692365825,79.49,1207.5004460703944,1254,false,https://reports.verasight.io/reports/august-ai-survey-2025#which-of-the-following-coffee-brands-have-you-heard-of
2025-064c_q28,8,Nespresso,0.6940705628187919,69.41,1054.2931849217673,1107,false,https://reports.verasight.io/reports/august-ai-survey-2025#which-of-the-following-coffee-brands-have-you-heard-of
2025-064c_q28,9,Lavazza,0.2892713106674928,28.93,439.40312090393087,499,false,https://reports.verasight.io/reports/august-ai-survey-2025#which-of-the-following-coffee-brands-have-you-heard-of
2025-064c_q28,10,Illy,0.1943592926254153,19.44,295.2317654980121,337,false,https://reports.verasight.io/reports/august-ai-survey-2025#which-of-the-following-coffee-brands-have-you-heard-of
2025-064c_q29,1,Starbucks,0.531485722967577,53.15,786.60438258581,875,false,https://reports.verasight.io/reports/august-ai-survey-2025#which-of-the-following-coffee-brands-have-you-consumed-in-the-last-year
2025-064c_q29,3,None of the above,0.1988403468160334,19.88,294.2857756687397,245,false,https://reports.verasight.io/reports/august-ai-survey-2025#which-of-the-following-coffee-brands-have-you-consumed-in-the-last-year
2025-064c_q29,4,Dunkin',0.4173761532138357,41.74,617.7210358006889,697,false,https://reports.verasight.io/reports/august-ai-survey-2025#which-of-the-following-coffee-brands-have-you-consumed-in-the-last-year
2025-064c_q29,5,Peet's Coffee,0.14748877383283912,14.75,218.28491503279014,239,false,https://reports.verasight.io/reports/august-ai-survey-2025#which-of-the-following-coffee-brands-have-you-consumed-in-the-last-year
2025-064c_q29,6,Tim Hortons,0.08171741054160243,8.17,120.94261517822495,151,false,https://reports.verasight.io/reports/august-ai-survey-2025#which-of-the-following-coffee-brands-have-you-consumed-in-the-last-year
2025-064c_q29,7,Folgers,0.37462901339136945,37.46,554.4548254881842,576,false,https://reports.verasight.io/reports/august-ai-survey-2025#which-of-the-following-coffee-brands-have-you-consumed-in-the-last-year
2025-064c_q29,8,Maxwell House,0.2582618103790698,25.83,382.2301580641232,408,false,https://reports.verasight.io/reports/august-ai-survey-2025#which-of-the-following-coffee-brands-have-you-consumed-in-the-last-year
2025-064c_q29,9,Nespresso,0.13653694849750456,13.65,202.0760999436706,238,false,https://reports.verasight.io/reports/august-ai-survey-2025#which-of-the-following-coffee-brands-have-you-consumed-in-the-last-year
2025-064c_q29,10,Lavazza,0.09240725657980112,9.24,136.76369819032237,149,false,https://reports.verasight.io/reports/august-ai-survey-2025#which-of-the-following-coffee-brands-have-you-consumed-in-the-last-year
2025-064c_q29,11,Illy,0.04683379068319625,4.68,69.31449597331147,73,false,https://reports.verasight.io/reports/august-ai-survey-2025#which-of-the-following-coffee-brands-have-you-consumed-in-the-last-year
2025-064c_q2_1,1,"Yes, use this",0.6974626038163548,69.75,1059.4456951970656,1331,false,https://reports.verasight.io/reports/august-ai-survey-2025#please-indicate-whether-or-not-you-ever-use-the-following-websites-or-apps-facebook
2025-064c_q2_1,2,"No, don’t use this",0.30253739618364495,30.25,459.55430480296644,188,false,https://reports.verasight.io/reports/august-ai-survey-2025#please-indicate-whether-or-not-you-ever-use-the-following-websites-or-apps-facebook
2025-064c_q2_10,1,"Yes, use this",0.020851799856214263,2.09,31.67388398159014,44,false,https://reports.verasight.io/reports/august-ai-survey-2025#please-indicate-whether-or-not-you-ever-use-the-following-websites-or-apps-bereal
2025-064c_q2_10,2,"No, don’t use this",0.9791482001437857,97.91,1487.326116018442,1475,false,https://reports.verasight.io/reports/august-ai-survey-2025#please-indicate-whether-or-not-you-ever-use-the-following-websites-or-apps-bereal
2025-064c_q2_11,1,"Yes, use this",0.4581717418577366,45.82,695.9628758819167,739,false,https://reports.verasight.io/reports/august-ai-survey-2025#please-indicate-whether-or-not-you-ever-use-the-following-websites-or-apps-reddit
2025-064c_q2_11,2,"No, don’t use this",0.5418282581422632,54.18,823.0371241181153,780,false,https://reports.verasight.io/reports/august-ai-survey-2025#please-indicate-whether-or-not-you-ever-use-the-following-websites-or-apps-reddit
2025-064c_q2_2,1,"Yes, use this",0.9154828716884004,91.55,1390.6184820947096,1413,false,https://reports.verasight.io/reports/august-ai-survey-2025#please-indicate-whether-or-not-you-ever-use-the-following-websites-or-apps-youtube
2025-064c_q2_2,2,"No, don’t use this",0.08451712831159948,8.45,128.38151790532234,106,false,https://reports.verasight.io/reports/august-ai-survey-2025#please-indicate-whether-or-not-you-ever-use-the-following-websites-or-apps-youtube
2025-064c_q2_3,1,"Yes, use this",0.3778957725547396,37.79,574.0236785106616,670,false,https://reports.verasight.io/reports/august-ai-survey-2025#please-indicate-whether-or-not-you-ever-use-the-following-websites-or-apps-x-formerly-twitter
2025-064c_q2_3,2,"No, don’t use this",0.6221042274452603,62.21,944.9763214893704,849,false,https://reports.verasight.io/reports/august-ai-survey-2025#please-indicate-whether-or-not-you-ever-use-the-following-websites-or-apps-x-formerly-twitter
2025-064c_q2_4,1,"Yes, use this",0.6591645801068636,65.92,1001.2709971823471,1098,false,https://reports.verasight.io/reports/august-ai-survey-2025#please-indicate-whether-or-not-you-ever-use-the-following-websites-or-apps-instagram
2025-064c_q2_4,2,"No, don’t use this",0.34083541989313626,34.08,517.729002817685,421,false,https://reports.verasight.io/reports/august-ai-survey-2025#please-indicate-whether-or-not-you-ever-use-the-following-websites-or-apps-instagram
2025-064c_q2_5,1,"Yes, use this",0.29527214462401496,29.53,448.5183876838883,498,false,https://reports.verasight.io/reports/august-ai-survey-2025#please-indicate-whether-or-not-you-ever-use-the-following-websites-or-apps-snapchat
2025-064c_q2_5,2,"No, don’t use this",0.7047278553759849,70.47,1070.4816123161438,1021,false,https://reports.verasight.io/reports/august-ai-survey-2025#please-indicate-whether-or-not-you-ever-use-the-following-websites-or-apps-snapchat
2025-064c_q2_6,1,"Yes, use this",0.34103782897568957,34.1,518.0364622140835,580,false,https://reports.verasight.io/reports/august-ai-survey-2025#please-indicate-whether-or-not-you-ever-use-the-following-websites-or-apps-whatsapp
2025-064c_q2_6,2,"No, don’t use this",0.6589621710243103,65.9,1000.9635377859486,939,false,https://reports.verasight.io/reports/august-ai-survey-2025#please-indicate-whether-or-not-you-ever-use-the-following-websites-or-apps-whatsapp
2025-064c_q2_7,1,"Yes, use this",0.4587404581080493,45.87,696.8267558661418,777,false,https://reports.verasight.io/reports/august-ai-survey-2025#please-indicate-whether-or-not-you-ever-use-the-following-websites-or-apps-linkedin
2025-064c_q2_7,2,"No, don’t use this",0.5412595418919505,54.13,822.1732441338903,742,false,https://reports.verasight.io/reports/august-ai-survey-2025#please-indicate-whether-or-not-you-ever-use-the-following-websites-or-apps-linkedin
2025-064c_q2_8,1,"Yes, use this",0.4287737216250517,42.88,651.3072831484674,704,false,https://reports.verasight.io/reports/august-ai-survey-2025#please-indicate-whether-or-not-you-ever-use-the-following-websites-or-apps-pinterest
2025-064c_q2_8,2,"No, don’t use this",0.5712262783749482,57.12,867.6927168515648,815,false,https://reports.verasight.io/reports/august-ai-survey-2025#please-indicate-whether-or-not-you-ever-use-the-following-websites-or-apps-pinterest
2025-064c_q2_9,1,"Yes, use this",0.3301626419501005,33.02,501.51705312221327,719,false,https://reports.verasight.io/reports/august-ai-survey-2025#please-indicate-whether-or-not-you-ever-use-the-following-websites-or-apps-tiktok
2025-064c_q2_9,2,"No, don’t use this",0.6698373580498994,66.98,1017.4829468778188,800,false,https://reports.verasight.io/reports/august-ai-survey-2025#please-indicate-whether-or-not-you-ever-use-the-following-websites-or-apps-tiktok
2025-064c_q3,1,Yes,0.6207454762472139,62.07,942.9123784195378,1021,false,https://reports.verasight.io/reports/august-ai-survey-2025#have-you-used-artificial-intelligence-ai-tools-in-your-work-or-personal-life-at-all-in-the-past-month
2025-064c_q3,2,No,0.379254523752786,37.93,576.0876215804942,498,false,https://reports.verasight.io/reports/august-ai-survey-2025#have-you-used-artificial-intelligence-ai-tools-in-your-work-or-personal-life-at-all-in-the-past-month
2025-064c_q30_1,0,Not at all likely 0,0.2175584557019572,21.76,299.51161395889267,260,false,https://reports.verasight.io/reports/august-ai-survey-2025#starbucks
2025-064c_q30_1,1,1,0.03159564811417398,3.16,43.497567264025946,36,false,https://reports.verasight.io/reports/august-ai-survey-2025#starbucks
2025-064c_q30_1,2,2,0.03518482167677687,3.52,48.438764162327466,42,false,https://reports.verasight.io/reports/august-ai-survey-2025#starbucks
2025-064c_q30_1,3,3,0.0379675633381155,3.8,52.26975038407185,46,false,https://reports.verasight.io/reports/august-ai-survey-2025#starbucks
2025-064c_q30_1,4,4,0.044678013399173634,4.47,61.50799268402393,55,false,https://reports.verasight.io/reports/august-ai-survey-2025#starbucks
2025-064c_q30_1,5,5,0.12482771612176762,12.48,171.84967875324352,163,false,https://reports.verasight.io/reports/august-ai-survey-2025#starbucks
2025-064c_q30_1,6,6,0.07922128157798379,7.92,109.06353342487141,103,false,https://reports.verasight.io/reports/august-ai-survey-2025#starbucks
2025-064c_q30_1,7,7,0.1087498673627688,10.87,149.7153865453981,155,false,https://reports.verasight.io/reports/august-ai-survey-2025#starbucks
2025-064c_q30_1,8,8,0.0989519618614629,9.9,136.2266601217602,158,false,https://reports.verasight.io/reports/august-ai-survey-2025#starbucks
2025-064c_q30_1,9,9,0.05285237540181716,5.29,72.76159507146717,96,false,https://reports.verasight.io/reports/august-ai-survey-2025#starbucks
2025-064c_q30_1,10,Extremely likely 10,0.1684122954440025,16.84,231.8523463324127,277,false,https://reports.verasight.io/reports/august-ai-survey-2025#starbucks
2025-064c_q30_2,0,Not at all likely 0,0.17188755353279442,17.19,226.1921702593237,188,false,https://reports.verasight.io/reports/august-ai-survey-2025#dunkin
2025-064c_q30_2,1,1,0.02127055839877427,2.13,27.990588428082443,27,false,https://reports.verasight.io/reports/august-ai-survey-2025#dunkin
2025-064c_q30_2,2,2,0.0342118595561217,3.42,45.02044855813211,39,false,https://reports.verasight.io/reports/august-ai-survey-2025#dunkin
2025-064c_q30_2,3,3,0.0377517683893495,3.78,49.67872453595142,47,false,https://reports.verasight.io/reports/august-ai-survey-2025#dunkin
2025-064c_q30_2,4,4,0.046365311763820034,4.64,61.013553785950535,61,false,https://reports.verasight.io/reports/august-ai-survey-2025#dunkin
2025-064c_q30_2,5,5,0.15141995625846663,15.14,199.25822331364947,192,false,https://reports.verasight.io/reports/august-ai-survey-2025#dunkin
2025-064c_q30_2,6,6,0.10377260363446537,10.38,136.5575921415507,137,false,https://reports.verasight.io/reports/august-ai-survey-2025#dunkin
2025-064c_q30_2,7,7,0.11238315407317734,11.24,147.8884828944291,155,false,https://reports.verasight.io/reports/august-ai-survey-2025#dunkin
2025-064c_q30_2,8,8,0.10599942160517399,10.6,139.4879310707795,163,false,https://reports.verasight.io/reports/august-ai-survey-2025#dunkin
2025-064c_q30_2,9,9,0.0567808524347822,5.68,74.71968724569345,92,false,https://reports.verasight.io/reports/august-ai-survey-2025#dunkin
2025-064c_q30_2,10,Extremely likely 10,0.15815696035307464,15.82,208.12365624282663,238,false,https://reports.verasight.io/reports/august-ai-survey-2025#dunkin
2025-064c_q30_3,0,Not at all likely 0,0.19520588696799404,19.52,169.34536219718996,154,false,https://reports.verasight.io/reports/august-ai-survey-2025#peet-s-coffee
2025-064c_q30_3,1,1,0.015790065662013082,1.58,13.698226166147553,18,false,https://reports.verasight.io/reports/august-ai-survey-2025#peet-s-coffee
2025-064c_q30_3,2,2,0.029550218459153784,2.96,25.635458672370742,24,false,https://reports.verasight.io/reports/august-ai-survey-2025#peet-s-coffee
2025-064c_q30_3,3,3,0.03533363684337399,3.53,30.652700192214045,37,false,https://reports.verasight.io/reports/august-ai-survey-2025#peet-s-coffee
2025-064c_q30_3,4,4,0.0591455251746705,5.91,51.31003239000583,48,false,https://reports.verasight.io/reports/august-ai-survey-2025#peet-s-coffee
2025-064c_q30_3,5,5,0.21170974935303447,21.17,183.66282258046974,194,false,https://reports.verasight.io/reports/august-ai-survey-2025#peet-s-coffee
2025-064c_q30_3,6,6,0.08868777911904172,8.87,76.9385816721859,86,false,https://reports.verasight.io/reports/august-ai-survey-2025#peet-s-coffee
2025-064c_q30_3,7,7,0.11632208691373958,11.63,100.91194607860378,105,false,https://reports.verasight.io/reports/august-ai-survey-2025#peet-s-coffee
2025-064c_q30_3,8,8,0.11820783707843731,11.82,102.54787545355396,109,false,https://reports.verasight.io/reports/august-ai-survey-2025#peet-s-coffee
2025-064c_q30_3,9,9,0.04172900623061912,4.17,36.20082254697387,48,false,https://reports.verasight.io/reports/august-ai-survey-2025#peet-s-coffee
2025-064c_q30_3,10,Extremely likely 10,0.08831820819792256,8.83,76.61797084191554,92,false,https://reports.verasight.io/reports/august-ai-survey-2025#peet-s-coffee
2025-064c_q30_4,0,Not at all likely 0,0.2569020155665197,25.69,201.10807892857866,187,false,https://reports.verasight.io/reports/august-ai-survey-2025#tim-hortons
2025-064c_q30_4,1,1,0.019326945465828,1.93,15.1295226922175,13,false,https://reports.verasight.io/reports/august-ai-survey-2025#tim-hortons
2025-064c_q30_4,2,2,0.037626725748391314,3.76,29.45495976333486,25,false,https://reports.verasight.io/reports/august-ai-survey-2025#tim-hortons
2025-064c_q30_4,3,3,0.035224483809823535,3.52,27.574436325939182,34,false,https://reports.verasight.io/reports/august-ai-survey-2025#tim-hortons
2025-064c_q30_4,4,4,0.05999674294808153,6,46.9666603808183,55,false,https://reports.verasight.io/reports/august-ai-survey-2025#tim-hortons
2025-064c_q30_4,5,5,0.23099443905635528,23.1,180.8271055381412,183,false,https://reports.verasight.io/reports/august-ai-survey-2025#tim-hortons
2025-064c_q30_4,6,6,0.08813688689924551,8.81,68.99533258999725,70,false,https://reports.verasight.io/reports/august-ai-survey-2025#tim-hortons
2025-064c_q30_4,7,7,0.0830960666500856,8.31,65.04927683680548,78,false,https://reports.verasight.io/reports/august-ai-survey-2025#tim-hortons
2025-064c_q30_4,8,8,0.09100198750811529,9.1,71.23819112933677,80,false,https://reports.verasight.io/reports/august-ai-survey-2025#tim-hortons
2025-064c_q30_4,9,9,0.03184459358282088,3.18,24.92859009136193,34,false,https://reports.verasight.io/reports/august-ai-survey-2025#tim-hortons
2025-064c_q30_4,10,Extremely likely 10,0.06584911276473342,6.58,51.54801350259522,62,false,https://reports.verasight.io/reports/august-ai-survey-2025#tim-hortons
2025-064c_q30_5,0,Not at all likely 0,0.18785486682862923,18.79,243.24995878265352,247,false,https://reports.verasight.io/reports/august-ai-survey-2025#folgers
2025-064c_q30_5,1,1,0.028496045358720436,2.85,36.8990272969653,48,false,https://reports.verasight.io/reports/august-ai-survey-2025#folgers
2025-064c_q30_5,2,2,0.04474177143798634,4.47,57.93533189683877,56,false,https://reports.verasight.io/reports/august-ai-survey-2025#folgers
2025-064c_q30_5,3,3,0.04820529453098407,4.82,62.42018695456287,55,false,https://reports.verasight.io/reports/august-ai-survey-2025#folgers
2025-064c_q30_5,4,4,0.05624853034906782,5.62,72.8352313676143,70,false,https://reports.verasight.io/reports/august-ai-survey-2025#folgers
2025-064c_q30_5,5,5,0.1515743530366226,15.16,196.27096040211148,183,false,https://reports.verasight.io/reports/august-ai-survey-2025#folgers
2025-064c_q30_5,6,6,0.08625776904194014,8.63,111.69366606443374,111,false,https://reports.verasight.io/reports/august-ai-survey-2025#folgers
2025-064c_q30_5,7,7,0.0810363406850608,8.1,104.93253043862033,129,false,https://reports.verasight.io/reports/august-ai-survey-2025#folgers
2025-064c_q30_5,8,8,0.09417208466599898,9.42,121.94177398862955,128,false,https://reports.verasight.io/reports/august-ai-survey-2025#folgers
2025-064c_q30_5,9,9,0.07219282864933028,7.22,93.48122244483933,95,false,https://reports.verasight.io/reports/august-ai-survey-2025#folgers
2025-064c_q30_5,10,Extremely likely 10,0.14922011541565944,14.92,193.22249956672482,203,false,https://reports.verasight.io/reports/august-ai-survey-2025#folgers
2025-064c_q30_6,0,Not at all likely 0,0.21103711810110753,21.1,254.82741424449787,253,false,https://reports.verasight.io/reports/august-ai-survey-2025#maxwell-house
2025-064c_q30_6,1,1,0.03439596110898123,3.44,41.53313838211477,50,false,https://reports.verasight.io/reports/august-ai-survey-2025#maxwell-house
2025-064c_q30_6,2,2,0.05160389078586999,5.16,62.311721142905924,64,false,https://reports.verasight.io/reports/august-ai-survey-2025#maxwell-house
2025-064c_q30_6,3,3,0.055743153078218005,5.57,67.30988220731852,65,false,https://reports.verasight.io/reports/august-ai-survey-2025#maxwell-house
2025-064c_q30_6,4,4,0.05691767991877866,5.69,68.72812389121717,63,false,https://reports.verasight.io/reports/august-ai-survey-2025#maxwell-house
2025-064c_q30_6,5,5,0.1585752540081391,15.86,191.47968995055408,182,false,https://reports.verasight.io/reports/august-ai-survey-2025#maxwell-house
2025-064c_q30_6,6,6,0.09849333283385392,9.85,118.93074333183843,113,false,https://reports.verasight.io/reports/august-ai-survey-2025#maxwell-house
2025-064c_q30_6,7,7,0.08209192914644903,8.21,99.12604106311642,116,false,https://reports.verasight.io/reports/august-ai-survey-2025#maxwell-house
2025-064c_q30_6,8,8,0.07668870969466278,7.67,92.60165116486829,114,false,https://reports.verasight.io/reports/august-ai-survey-2025#maxwell-house
2025-064c_q30_6,9,9,0.06871779982064878,6.87,82.97677393640947,92,false,https://reports.verasight.io/reports/august-ai-survey-2025#maxwell-house
2025-064c_q30_6,10,Extremely likely 10,0.10573517150329098,10.57,127.67526675555352,142,false,https://reports.verasight.io/reports/august-ai-survey-2025#maxwell-house
2025-064c_q30_7,0,Not at all likely 0,0.26435246386983013,26.44,278.70500107523964,269,false,https://reports.verasight.io/reports/august-ai-survey-2025#nespresso
2025-064c_q30_7,1,1,0.02588009502767294,2.59,27.285207812803296,28,false,https://reports.verasight.io/reports/august-ai-survey-2025#nespresso
2025-064c_q30_7,2,2,0.0535617184331884,5.36,56.469754716809135,51,false,https://reports.verasight.io/reports/august-ai-survey-2025#nespresso
2025-064c_q30_7,3,3,0.045775419303463814,4.58,48.26071260857821,46,false,https://reports.verasight.io/reports/august-ai-survey-2025#nespresso
2025-064c_q30_7,4,4,0.04972451871134259,4.97,52.424221200883395,65,false,https://reports.verasight.io/reports/august-ai-survey-2025#nespresso
2025-064c_q30_7,5,5,0.18415039385301804,18.42,194.14850523989622,180,false,https://reports.verasight.io/reports/august-ai-survey-2025#nespresso
2025-064c_q30_7,6,6,0.07555108180949491,7.56,79.65299066521739,87,false,https://reports.verasight.io/reports/august-ai-survey-2025#nespresso
2025-064c_q30_7,7,7,0.08449539648900878,8.45,89.08292067562458,108,false,https://reports.verasight.io/reports/august-ai-survey-2025#nespresso
2025-064c_q30_7,8,8,0.07379020450554984,7.38,77.79650972418469,98,false,https://reports.verasight.io/reports/august-ai-survey-2025#nespresso
2025-064c_q30_7,9,9,0.05609423620978032,5.61,59.13977094936322,69,false,https://reports.verasight.io/reports/august-ai-survey-2025#nespresso
2025-064c_q30_7,10,Extremely likely 10,0.0866244717876503,8.66,91.32759025316761,106,false,https://reports.verasight.io/reports/august-ai-survey-2025#nespresso
2025-064c_q30_8,0,Not at all likely 0,0.17945600146111992,17.95,78.85352710695648,90,false,https://reports.verasight.io/reports/august-ai-survey-2025#lavazza
2025-064c_q30_8,1,1,0.011886337674663613,1.19,5.222893870365165,6,false,https://reports.verasight.io/reports/august-ai-survey-2025#lavazza
2025-064c_q30_8,2,2,0.037613299692825154,3.76,16.52740127252224,19,false,https://reports.verasight.io/reports/august-ai-survey-2025#lavazza
2025-064c_q30_8,3,3,0.02984688130483686,2.98,13.114812794594506,14,false,https://reports.verasight.io/reports/august-ai-survey-2025#lavazza
2025-064c_q30_8,4,4,0.060905326190465583,6.09,26.7619904077625,31,false,https://reports.verasight.io/reports/august-ai-survey-2025#lavazza
2025-064c_q30_8,5,5,0.1581814323933893,15.82,69.50541506270942,80,false,https://reports.verasight.io/reports/august-ai-survey-2025#lavazza
2025-064c_q30_8,6,6,0.10266893907814478,10.27,45.11305225083237,46,false,https://reports.verasight.io/reports/august-ai-survey-2025#lavazza
2025-064c_q30_8,7,7,0.10338441633562467,10.34,45.42743519070482,52,false,https://reports.verasight.io/reports/august-ai-survey-2025#lavazza
2025-064c_q30_8,8,8,0.11010125646536889,11.01,48.378835706327195,60,false,https://reports.verasight.io/reports/august-ai-survey-2025#lavazza
2025-064c_q30_8,9,9,0.10731939794947423,10.73,47.156478392529905,51,false,https://reports.verasight.io/reports/august-ai-survey-2025#lavazza
2025-064c_q30_8,10,Extremely likely 10,0.09863671145408694,9.86,43.34127884862631,50,false,https://reports.verasight.io/reports/august-ai-survey-2025#lavazza
2025-064c_q30_9,0,Not at all likely 0,0.20788287281355589,20.79,61.37362755754481,62,false,https://reports.verasight.io/reports/august-ai-survey-2025#illy
2025-064c_q30_9,1,1,0.01872798193685545,1.87,5.529095171432715,9,false,https://reports.verasight.io/reports/august-ai-survey-2025#illy
2025-064c_q30_9,2,2,0.027545313537724946,2.75,8.13225154693883,9,false,https://reports.verasight.io/reports/august-ai-survey-2025#illy
2025-064c_q30_9,3,3,0.005420063774364769,0.54,1.6001749972175299,3,false,https://reports.verasight.io/reports/august-ai-survey-2025#illy
2025-064c_q30_9,4,4,0.04610299570447346,4.61,13.61106881657897,16,false,https://reports.verasight.io/reports/august-ai-survey-2025#illy
2025-064c_q30_9,5,5,0.15163206107815658,15.16,44.76660109820657,54,false,https://reports.verasight.io/reports/august-ai-survey-2025#illy
2025-064c_q30_9,6,6,0.06468412031065035,6.47,19.096807038999128,26,false,https://reports.verasight.io/reports/august-ai-survey-2025#illy
2025-064c_q30_9,7,7,0.09948531094059306,9.95,29.37122399010999,37,false,https://reports.verasight.io/reports/august-ai-survey-2025#illy
2025-064c_q30_9,8,8,0.17606724529664766,17.61,51.98064367530086,56,false,https://reports.verasight.io/reports/august-ai-survey-2025#illy
2025-064c_q30_9,9,9,0.09817623988678528,9.82,28.984744631731978,32,false,https://reports.verasight.io/reports/august-ai-survey-2025#illy
2025-064c_q30_9,10,Extremely likely 10,0.1042757947201926,10.43,30.785526973950756,33,false,https://reports.verasight.io/reports/august-ai-survey-2025#illy
2025-064c_q31,1,Much lower,0.0036068310868251265,0.36,4.965505921645417,6,false,https://reports.verasight.io/reports/august-ai-survey-2025#compared-with-other-national-coffee-chains-do-you-think-starbuck-s-prices-are
2025-064c_q31,2,Somewhat lower,0.007879118034828518,0.79,10.847141526032068,18,false,https://reports.verasight.io/reports/august-ai-survey-2025#compared-with-other-national-coffee-chains-do-you-think-starbuck-s-prices-are
2025-064c_q31,3,About the same,0.15801044418974944,15.8,217.53217087763892,235,false,https://reports.verasight.io/reports/august-ai-survey-2025#compared-with-other-national-coffee-chains-do-you-think-starbuck-s-prices-are
2025-064c_q31,4,Somewhat higher,0.39860770937199647,39.86,548.7611960898372,556,false,https://reports.verasight.io/reports/august-ai-survey-2025#compared-with-other-national-coffee-chains-do-you-think-starbuck-s-prices-are
2025-064c_q31,5,Much higher,0.35194543441407233,35.19,484.5214806600326,485,false,https://reports.verasight.io/reports/august-ai-survey-2025#compared-with-other-national-coffee-chains-do-you-think-starbuck-s-prices-are
2025-064c_q31,6,Don't know/not sure,0.07995046290252804,8,110.06739362730879,91,false,https://reports.verasight.io/reports/august-ai-survey-2025#compared-with-other-national-coffee-chains-do-you-think-starbuck-s-prices-are
2025-064c_q32_1,1,Most likely to try,0.6613514466433402,66.14,291.5852478655884,312,false,https://reports.verasight.io/reports/august-ai-survey-2025#think-indulgence-meets-autumn-sophistication
2025-064c_q32_1,2,Least likely to try,0.33864855335665983,33.86,149.3077891807753,141,false,https://reports.verasight.io/reports/august-ai-survey-2025#think-indulgence-meets-autumn-sophistication
2025-064c_q32_2,1,Most likely to try,0.495582322515471,49.56,277.5278271752972,281,false,https://reports.verasight.io/reports/august-ai-survey-2025#a-radiant-fall-classic-that-feels-golden-in-every-sip
2025-064c_q32_2,2,Least likely to try,0.5044176774845288,50.44,282.4756567395943,291,false,https://reports.verasight.io/reports/august-ai-survey-2025#a-radiant-fall-classic-that-feels-golden-in-every-sip
2025-064c_q32_3,1,Most likely to try,0.5966002398617322,59.66,241.30898791977214,232,false,https://reports.verasight.io/reports/august-ai-survey-2025#warm-glowing-and-perfect-for-crisp-evenings
2025-064c_q32_3,2,Least likely to try,0.40339976013826784,40.34,163.1645134246085,164,false,https://reports.verasight.io/reports/august-ai-survey-2025#warm-glowing-and-perfect-for-crisp-evenings
2025-064c_q32_4,1,Most likely to try,0.4057213520476118,40.57,180.57780786148658,166,false,https://reports.verasight.io/reports/august-ai-survey-2025#topped-with-a-caramel-drizzle-and-sprinkles-made-for-fun-and-instagram-snaps
2025-064c_q32_4,2,Least likely to try,0.5942786479523882,59.43,264.50058633723825,252,false,https://reports.verasight.io/reports/august-ai-survey-2025#topped-with-a-caramel-drizzle-and-sprinkles-made-for-fun-and-instagram-snaps
2025-064c_q32_5,1,Most likely to try,0.5386286159309869,53.86,269.48758881598945,272,false,https://reports.verasight.io/reports/august-ai-survey-2025#playful-seasonal-and-a-little-spooky
2025-064c_q32_5,2,Least likely to try,0.4613713840690133,46.14,230.83411865622972,235,false,https://reports.verasight.io/reports/august-ai-survey-2025#playful-seasonal-and-a-little-spooky
2025-064c_q32_6,1,Most likely to try,0.28862830732386013,28.86,116.20742906436122,128,false,https://reports.verasight.io/reports/august-ai-survey-2025#festive-fun-and-perfect-for-fall-gatherings
2025-064c_q32_6,2,Least likely to try,0.7113716926761399,71.14,286.41222436404894,308,false,https://reports.verasight.io/reports/august-ai-survey-2025#festive-fun-and-perfect-for-fall-gatherings
2025-064c_q33,1,Strongly disagree,0.343032553089254,34.3,521.0664481425879,451,false,https://reports.verasight.io/reports/august-ai-survey-2025#please-indicate-how-much-you-agree-or-disagree-with-the-following-statement-i-trust-facebook-to-handle-my-personal-data-responsibly
2025-064c_q33,2,Somewhat disagree,0.24728132212519788,24.73,375.62032830818356,402,false,https://reports.verasight.io/reports/august-ai-survey-2025#please-indicate-how-much-you-agree-or-disagree-with-the-following-statement-i-trust-facebook-to-handle-my-personal-data-responsibly
2025-064c_q33,3,Neither agree nor disagree,0.179463484564661,17.95,272.60503305372583,267,false,https://reports.verasight.io/reports/august-ai-survey-2025#please-indicate-how-much-you-agree-or-disagree-with-the-following-statement-i-trust-facebook-to-handle-my-personal-data-responsibly
2025-064c_q33,4,Somewhat agree,0.14919153419413989,14.92,226.6219404409033,263,false,https://reports.verasight.io/reports/august-ai-survey-2025#please-indicate-how-much-you-agree-or-disagree-with-the-following-statement-i-trust-facebook-to-handle-my-personal-data-responsibly
2025-064c_q33,5,Strongly agree,0.05296066733266905,5.3,80.44725367832599,109,false,https://reports.verasight.io/reports/august-ai-survey-2025#please-indicate-how-much-you-agree-or-disagree-with-the-following-statement-i-trust-facebook-to-handle-my-personal-data-responsibly
2025-064c_q33,6,Don't know/not sure,0.028070438694078083,2.81,42.63899637630551,27,false,https://reports.verasight.io/reports/august-ai-survey-2025#please-indicate-how-much-you-agree-or-disagree-with-the-following-statement-i-trust-facebook-to-handle-my-personal-data-responsibly
2025-064c_q4,1,Several times a day,0.14738306792065414,14.74,223.8748801714784,261,false,https://reports.verasight.io/reports/august-ai-survey-2025#roughly-how-often-do-you-use-ai-tools
2025-064c_q4,2,About once a day,0.10407523282277292,10.41,158.09027865779544,179,false,https://reports.verasight.io/reports/august-ai-survey-2025#roughly-how-often-do-you-use-ai-tools
2025-064c_q4,3,A few times a week,0.24304755221937427,24.3,369.18923182123734,386,false,https://reports.verasight.io/reports/august-ai-survey-2025#roughly-how-often-do-you-use-ai-tools
2025-064c_q4,4,Less than once a week,0.13694247586457348,13.69,208.01562083829154,207,false,https://reports.verasight.io/reports/august-ai-survey-2025#roughly-how-often-do-you-use-ai-tools
2025-064c_q4,5,Less than once a month,0.1516255717424301,15.16,230.31924347675624,206,false,https://reports.verasight.io/reports/august-ai-survey-2025#roughly-how-often-do-you-use-ai-tools
2025-064c_q4,6,Never,0.21692609943019495,21.69,329.51074503447313,280,false,https://reports.verasight.io/reports/august-ai-survey-2025#roughly-how-often-do-you-use-ai-tools
2025-064c_q5,1,I don’t need it,0.46666604428714903,46.67,268.84053152576126,219,false,https://reports.verasight.io/reports/august-ai-survey-2025#what-are-your-main-reasons-for-not-using-ai-products-today
2025-064c_q5,2,I don’t know how to use it,0.24550023160881665,24.55,141.42964452498364,131,false,https://reports.verasight.io/reports/august-ai-survey-2025#what-are-your-main-reasons-for-not-using-ai-products-today
2025-064c_q5,3,I don’t trust it,0.44193728009236627,44.19,254.59459657616398,218,false,https://reports.verasight.io/reports/august-ai-survey-2025#what-are-your-main-reasons-for-not-using-ai-products-today
2025-064c_q5,4,It’s too expensive,0.03532764634993534,3.53,20.35181976177108,20,false,https://reports.verasight.io/reports/august-ai-survey-2025#what-are-your-main-reasons-for-not-using-ai-products-today
2025-064c_q5,5,I’m concerned about privacy,0.33145025839082076,33.15,190.94439102860818,167,false,https://reports.verasight.io/reports/august-ai-survey-2025#what-are-your-main-reasons-for-not-using-ai-products-today
2025-064c_q5,6,I’m concerned about impacts to the environment,0.13432062474980302,13.43,77.3804492413201,70,false,https://reports.verasight.io/reports/august-ai-survey-2025#what-are-your-main-reasons-for-not-using-ai-products-today
2025-064c_q5,7,I’m concerned about impacts to society,0.2751298303747733,27.51,158.49888960644796,140,false,https://reports.verasight.io/reports/august-ai-survey-2025#what-are-your-main-reasons-for-not-using-ai-products-today
2025-064c_q5,8,Other (please specify):,0.03424490035481281,3.42,19.728063196665136,14,false,https://reports.verasight.io/reports/august-ai-survey-2025#what-are-your-main-reasons-for-not-using-ai-products-today
2025-064c_q6_1,1,Strongly agree,0.14290830672256938,14.29,217.0777179115875,256,false,https://reports.verasight.io/reports/august-ai-survey-2025#please-indicate-how-much-you-agree-or-disagree-with-the-following-i-m-excited-about-the-possibilities-ai-brings-to-my-life
2025-064c_q6_1,2,Somewhat agree,0.28355125829643046,28.36,430.714361352287,497,false,https://reports.verasight.io/reports/august-ai-survey-2025#please-indicate-how-much-you-agree-or-disagree-with-the-following-i-m-excited-about-the-possibilities-ai-brings-to-my-life
2025-064c_q6_1,3,Neutral,0.27885065534333514,27.89,423.5741454665351,384,false,https://reports.verasight.io/reports/august-ai-survey-2025#please-indicate-how-much-you-agree-or-disagree-with-the-following-i-m-excited-about-the-possibilities-ai-brings-to-my-life
2025-064c_q6_1,4,Somewhat disagree,0.15025659313355938,15.03,228.23976496988155,192,false,https://reports.verasight.io/reports/august-ai-survey-2025#please-indicate-how-much-you-agree-or-disagree-with-the-following-i-m-excited-about-the-possibilities-ai-brings-to-my-life
2025-064c_q6_1,5,Strongly disagree,0.14443318650410553,14.44,219.39401029974096,190,false,https://reports.verasight.io/reports/august-ai-survey-2025#please-indicate-how-much-you-agree-or-disagree-with-the-following-i-m-excited-about-the-possibilities-ai-brings-to-my-life
2025-064c_q6_2,1,Strongly agree,0.13125420396005605,13.13,199.37513581532937,229,false,https://reports.verasight.io/reports/august-ai-survey-2025#please-indicate-how-much-you-agree-or-disagree-with-the-following-i-m-excited-about-the-possibilities-ai-brings-to-my-work
2025-064c_q6_2,2,Somewhat agree,0.2248057026495856,22.48,341.4798623247278,399,false,https://reports.verasight.io/reports/august-ai-survey-2025#please-indicate-how-much-you-agree-or-disagree-with-the-following-i-m-excited-about-the-possibilities-ai-brings-to-my-work
2025-064c_q6_2,3,Neutral,0.3400332565690476,34,516.5105167283942,483,false,https://reports.verasight.io/reports/august-ai-survey-2025#please-indicate-how-much-you-agree-or-disagree-with-the-following-i-m-excited-about-the-possibilities-ai-brings-to-my-work
2025-064c_q6_2,4,Somewhat disagree,0.13746928297551567,13.75,208.81584083981272,185,false,https://reports.verasight.io/reports/august-ai-survey-2025#please-indicate-how-much-you-agree-or-disagree-with-the-following-i-m-excited-about-the-possibilities-ai-brings-to-my-work
2025-064c_q6_2,5,Strongly disagree,0.16643755384579495,16.64,252.8186442917679,223,false,https://reports.verasight.io/reports/august-ai-survey-2025#please-indicate-how-much-you-agree-or-disagree-with-the-following-i-m-excited-about-the-possibilities-ai-brings-to-my-work
2025-064c_q6_3,1,Strongly agree,0.16688721851586266,16.69,253.50168492560078,247,false,https://reports.verasight.io/reports/august-ai-survey-2025#please-indicate-how-much-you-agree-or-disagree-with-the-following-i-feel-anxious-about-the-rise-of-ai
2025-064c_q6_3,2,Somewhat agree,0.32952133587168614,32.95,500.5429091891019,507,false,https://reports.verasight.io/reports/august-ai-survey-2025#please-indicate-how-much-you-agree-or-disagree-with-the-following-i-feel-anxious-about-the-rise-of-ai
2025-064c_q6_3,3,Neutral,0.2860804779694985,28.61,434.5562460356774,419,false,https://reports.verasight.io/reports/august-ai-survey-2025#please-indicate-how-much-you-agree-or-disagree-with-the-following-i-feel-anxious-about-the-rise-of-ai
2025-064c_q6_3,4,Somewhat disagree,0.11655874390652184,11.66,177.05273199401043,198,false,https://reports.verasight.io/reports/august-ai-survey-2025#please-indicate-how-much-you-agree-or-disagree-with-the-following-i-feel-anxious-about-the-rise-of-ai
2025-064c_q6_3,5,Strongly disagree,0.10095222373643074,10.1,153.34642785564156,148,false,https://reports.verasight.io/reports/august-ai-survey-2025#please-indicate-how-much-you-agree-or-disagree-with-the-following-i-feel-anxious-about-the-rise-of-ai
2025-064c_q6_4,1,Strongly agree,0.1076581610867897,10.77,163.53274669083703,197,false,https://reports.verasight.io/reports/august-ai-survey-2025#please-indicate-how-much-you-agree-or-disagree-with-the-following-i-feel-confident-i-can-keep-up-with-changes-driven-by-ai
2025-064c_q6_4,2,Somewhat agree,0.29052522976241135,29.05,441.3078240091122,483,false,https://reports.verasight.io/reports/august-ai-survey-2025#please-indicate-how-much-you-agree-or-disagree-with-the-following-i-feel-confident-i-can-keep-up-with-changes-driven-by-ai
2025-064c_q6_4,3,Neutral,0.3368687210371849,33.69,511.70358725549477,465,false,https://reports.verasight.io/reports/august-ai-survey-2025#please-indicate-how-much-you-agree-or-disagree-with-the-following-i-feel-confident-i-can-keep-up-with-changes-driven-by-ai
2025-064c_q6_4,4,Somewhat disagree,0.1536660198755707,15.37,233.41868419099683,232,false,https://reports.verasight.io/reports/august-ai-survey-2025#please-indicate-how-much-you-agree-or-disagree-with-the-following-i-feel-confident-i-can-keep-up-with-changes-driven-by-ai
2025-064c_q6_4,5,Strongly disagree,0.11128186823804323,11.13,169.03715785359125,142,false,https://reports.verasight.io/reports/august-ai-survey-2025#please-indicate-how-much-you-agree-or-disagree-with-the-following-i-feel-confident-i-can-keep-up-with-changes-driven-by-ai
2025-064c_q6_5,1,Strongly agree,0.048568755961082365,4.86,73.77594030488568,83,false,https://reports.verasight.io/reports/august-ai-survey-2025#please-indicate-how-much-you-agree-or-disagree-with-the-following-i-feel-left-behind-by-ai
2025-064c_q6_5,2,Somewhat agree,0.18048210643152995,18.05,274.15231966949983,268,false,https://reports.verasight.io/reports/august-ai-survey-2025#please-indicate-how-much-you-agree-or-disagree-with-the-following-i-feel-left-behind-by-ai
2025-064c_q6_5,3,Neutral,0.33259726251356714,33.26,505.2152417581192,457,false,https://reports.verasight.io/reports/august-ai-survey-2025#please-indicate-how-much-you-agree-or-disagree-with-the-following-i-feel-left-behind-by-ai
2025-064c_q6_5,4,Somewhat disagree,0.24339388872484696,24.34,369.7153169730504,411,false,https://reports.verasight.io/reports/august-ai-survey-2025#please-indicate-how-much-you-agree-or-disagree-with-the-following-i-feel-left-behind-by-ai
2025-064c_q6_5,5,Strongly disagree,0.1949579863689735,19.5,296.141181294477,300,false,https://reports.verasight.io/reports/august-ai-survey-2025#please-indicate-how-much-you-agree-or-disagree-with-the-following-i-feel-left-behind-by-ai
2025-064c_q6_6,1,Strongly agree,0.07544857982231384,7.54,114.60639275009717,127,false,https://reports.verasight.io/reports/august-ai-survey-2025#please-indicate-how-much-you-agree-or-disagree-with-the-following-i-trust-tech-companies-to-develop-ai-responsibly
2025-064c_q6_6,2,Somewhat agree,0.19484181866636394,19.48,295.9647225542131,329,false,https://reports.verasight.io/reports/august-ai-survey-2025#please-indicate-how-much-you-agree-or-disagree-with-the-following-i-trust-tech-companies-to-develop-ai-responsibly
2025-064c_q6_6,3,Neutral,0.2710416729166427,27.1,411.712301160389,413,false,https://reports.verasight.io/reports/august-ai-survey-2025#please-indicate-how-much-you-agree-or-disagree-with-the-following-i-trust-tech-companies-to-develop-ai-responsibly
2025-064c_q6_6,4,Somewhat disagree,0.22972270284255805,22.97,348.9487856178531,350,false,https://reports.verasight.io/reports/august-ai-survey-2025#please-indicate-how-much-you-agree-or-disagree-with-the-following-i-trust-tech-companies-to-develop-ai-responsibly
2025-064c_q6_6,5,Strongly disagree,0.22894522575212134,22.89,347.7677979174797,300,false,https://reports.verasight.io/reports/august-ai-survey-2025#please-indicate-how-much-you-agree-or-disagree-with-the-following-i-trust-tech-companies-to-develop-ai-responsibly
2025-064c_q7_1,1,Extremely concerned,0.1790517571615617,17.91,271.979619128418,296,false,https://reports.verasight.io/reports/august-ai-survey-2025#how-concerned-are-you-about-the-following-issues-surrounding-ai-environmental-impacts-of-ai-supporting-data-centers
2025-064c_q7_1,2,Very concerned,0.20468545959813594,20.47,310.9172131295751,290,false,https://reports.verasight.io/reports/august-ai-survey-2025#how-concerned-are-you-about-the-following-issues-surrounding-ai-environmental-impacts-of-ai-supporting-data-centers
2025-064c_q7_1,3,Somewhat concerned,0.32034403398000416,32.03,486.60258761563665,493,false,https://reports.verasight.io/reports/august-ai-survey-2025#how-concerned-are-you-about-the-following-issues-surrounding-ai-environmental-impacts-of-ai-supporting-data-centers
2025-064c_q7_1,4,Not at all concerned,0.18704182510555645,18.7,284.1165323353463,307,false,https://reports.verasight.io/reports/august-ai-survey-2025#how-concerned-are-you-about-the-following-issues-surrounding-ai-environmental-impacts-of-ai-supporting-data-centers
2025-064c_q7_1,5,I’m unfamiliar with this topic,0.10887692415474165,10.89,165.38404779105608,133,false,https://reports.verasight.io/reports/august-ai-survey-2025#how-concerned-are-you-about-the-following-issues-surrounding-ai-environmental-impacts-of-ai-supporting-data-centers
2025-064c_q7_10,1,Extremely concerned,0.28003833334279615,28,425.3782283477164,463,false,https://reports.verasight.io/reports/august-ai-survey-2025#how-concerned-are-you-about-the-following-issues-surrounding-ai-cyberattacks-with-ai
2025-064c_q7_10,2,Very concerned,0.28039037077915974,28.04,425.91297321355273,433,false,https://reports.verasight.io/reports/august-ai-survey-2025#how-concerned-are-you-about-the-following-issues-surrounding-ai-cyberattacks-with-ai
2025-064c_q7_10,3,Somewhat concerned,0.2959209574996094,29.59,449.5039344419162,437,false,https://reports.verasight.io/reports/august-ai-survey-2025#how-concerned-are-you-about-the-following-issues-surrounding-ai-cyberattacks-with-ai
2025-064c_q7_10,4,Not at all concerned,0.08387034278982002,8.39,127.39905069773931,117,false,https://reports.verasight.io/reports/august-ai-survey-2025#how-concerned-are-you-about-the-following-issues-surrounding-ai-cyberattacks-with-ai
2025-064c_q7_10,5,I’m unfamiliar with this topic,0.059779995588614555,5.98,90.80581329910744,69,false,https://reports.verasight.io/reports/august-ai-survey-2025#how-concerned-are-you-about-the-following-issues-surrounding-ai-cyberattacks-with-ai
2025-064c_q7_11,1,Extremely concerned,0.1518786824287949,15.19,230.70371860934435,236,false,https://reports.verasight.io/reports/august-ai-survey-2025#how-concerned-are-you-about-the-following-issues-surrounding-ai-foreign-nations-winning-the-ai-race
2025-064c_q7_11,2,Very concerned,0.17487621297931624,17.49,265.636967515587,277,false,https://reports.verasight.io/reports/august-ai-survey-2025#how-concerned-are-you-about-the-following-issues-surrounding-ai-foreign-nations-winning-the-ai-race
2025-064c_q7_11,3,Somewhat concerned,0.31506735628498467,31.51,478.5873141969019,502,false,https://reports.verasight.io/reports/august-ai-survey-2025#how-concerned-are-you-about-the-following-issues-surrounding-ai-foreign-nations-winning-the-ai-race
2025-064c_q7_11,4,Not at all concerned,0.2552772543918075,25.53,387.7661494211638,387,false,https://reports.verasight.io/reports/august-ai-survey-2025#how-concerned-are-you-about-the-following-issues-surrounding-ai-foreign-nations-winning-the-ai-race
2025-064c_q7_11,5,I’m unfamiliar with this topic,0.10290049391509658,10.29,156.30585025703502,117,false,https://reports.verasight.io/reports/august-ai-survey-2025#how-concerned-are-you-about-the-following-issues-surrounding-ai-foreign-nations-winning-the-ai-race
2025-064c_q7_12,1,Extremely concerned,0.18978764238227258,18.98,288.2874287786782,285,false,https://reports.verasight.io/reports/august-ai-survey-2025#how-concerned-are-you-about-the-following-issues-surrounding-ai-humans-developing-relationships-with-ai
2025-064c_q7_12,2,Very concerned,0.18002587333950015,18,273.45930160270655,270,false,https://reports.verasight.io/reports/august-ai-survey-2025#how-concerned-are-you-about-the-following-issues-surrounding-ai-humans-developing-relationships-with-ai
2025-064c_q7_12,3,Somewhat concerned,0.3044834308682787,30.45,462.5103314889252,476,false,https://reports.verasight.io/reports/august-ai-survey-2025#how-concerned-are-you-about-the-following-issues-surrounding-ai-humans-developing-relationships-with-ai
2025-064c_q7_12,4,Not at all concerned,0.25237316537938176,25.24,383.35483821128906,401,false,https://reports.verasight.io/reports/august-ai-survey-2025#how-concerned-are-you-about-the-following-issues-surrounding-ai-humans-developing-relationships-with-ai
2025-064c_q7_12,5,I’m unfamiliar with this topic,0.07332988803056664,7.33,111.3880999184331,87,false,https://reports.verasight.io/reports/august-ai-survey-2025#how-concerned-are-you-about-the-following-issues-surrounding-ai-humans-developing-relationships-with-ai
2025-064c_q7_13,1,Extremely concerned,0.096271525313503,9.63,75.67060796765874,69,false,https://reports.verasight.io/reports/august-ai-survey-2025#how-concerned-are-you-about-the-following-issues-surrounding-ai-other-please-specify
2025-064c_q7_13,2,Very concerned,0.04218002104649562,4.22,33.154017517465114,37,false,https://reports.verasight.io/reports/august-ai-survey-2025#how-concerned-are-you-about-the-following-issues-surrounding-ai-other-please-specify
2025-064c_q7_13,3,Somewhat concerned,0.13768641242233665,13.77,108.22322075978033,91,false,https://reports.verasight.io/reports/august-ai-survey-2025#how-concerned-are-you-about-the-following-issues-surrounding-ai-other-please-specify
2025-064c_q7_13,4,Not at all concerned,0.23632085077382955,23.63,185.75110756016912,179,false,https://reports.verasight.io/reports/august-ai-survey-2025#how-concerned-are-you-about-the-following-issues-surrounding-ai-other-please-specify
2025-064c_q7_13,5,I’m unfamiliar with this topic,0.4875411904438352,48.75,383.2133974196685,369,false,https://reports.verasight.io/reports/august-ai-survey-2025#how-concerned-are-you-about-the-following-issues-surrounding-ai-other-please-specify
2025-064c_q7_2,1,Extremely concerned,0.22936769771112636,22.94,348.40953282320834,351,false,https://reports.verasight.io/reports/august-ai-survey-2025#how-concerned-are-you-about-the-following-issues-surrounding-ai-ethical-sourcing-of-ai-training-data
2025-064c_q7_2,2,Very concerned,0.22706919458762548,22.71,344.91810657861043,364,false,https://reports.verasight.io/reports/august-ai-survey-2025#how-concerned-are-you-about-the-following-issues-surrounding-ai-ethical-sourcing-of-ai-training-data
2025-064c_q7_2,3,Somewhat concerned,0.3221401772975529,32.21,489.3309293149932,507,false,https://reports.verasight.io/reports/august-ai-survey-2025#how-concerned-are-you-about-the-following-issues-surrounding-ai-ethical-sourcing-of-ai-training-data
2025-064c_q7_2,4,Not at all concerned,0.12743254266947734,12.74,193.57003231494022,178,false,https://reports.verasight.io/reports/august-ai-survey-2025#how-concerned-are-you-about-the-following-issues-surrounding-ai-ethical-sourcing-of-ai-training-data
2025-064c_q7_2,5,I’m unfamiliar with this topic,0.09399038773421778,9.4,142.77139896827984,119,false,https://reports.verasight.io/reports/august-ai-survey-2025#how-concerned-are-you-about-the-following-issues-surrounding-ai-ethical-sourcing-of-ai-training-data
2025-064c_q7_3,1,Extremely concerned,0.32561214067725985,32.56,494.60484168876826,504,false,https://reports.verasight.io/reports/august-ai-survey-2025#how-concerned-are-you-about-the-following-issues-surrounding-ai-misinformation-in-ai-output
2025-064c_q7_3,2,Very concerned,0.2548692575628039,25.49,387.14640223790735,403,false,https://reports.verasight.io/reports/august-ai-survey-2025#how-concerned-are-you-about-the-following-issues-surrounding-ai-misinformation-in-ai-output
2025-064c_q7_3,3,Somewhat concerned,0.2759964114276868,27.6,419.2385489586652,439,false,https://reports.verasight.io/reports/august-ai-survey-2025#how-concerned-are-you-about-the-following-issues-surrounding-ai-misinformation-in-ai-output
2025-064c_q7_3,4,Not at all concerned,0.09168886974585169,9.17,139.27539314395167,121,false,https://reports.verasight.io/reports/august-ai-survey-2025#how-concerned-are-you-about-the-following-issues-surrounding-ai-misinformation-in-ai-output
2025-064c_q7_3,5,I’m unfamiliar with this topic,0.05183332058639757,5.18,78.73481397073958,52,false,https://reports.verasight.io/reports/august-ai-survey-2025#how-concerned-are-you-about-the-following-issues-surrounding-ai-misinformation-in-ai-output
2025-064c_q7_4,1,Extremely concerned,0.2491439646199696,24.91,378.44968225774187,372,false,https://reports.verasight.io/reports/august-ai-survey-2025#how-concerned-are-you-about-the-following-issues-surrounding-ai-bias-in-ai-model-training-and-output
2025-064c_q7_4,2,Very concerned,0.22525066902209867,22.53,342.15576624457515,352,false,https://reports.verasight.io/reports/august-ai-survey-2025#how-concerned-are-you-about-the-following-issues-surrounding-ai-bias-in-ai-model-training-and-output
2025-064c_q7_4,3,Somewhat concerned,0.3368378310579184,33.68,511.65666537698894,539,false,https://reports.verasight.io/reports/august-ai-survey-2025#how-concerned-are-you-about-the-following-issues-surrounding-ai-bias-in-ai-model-training-and-output
2025-064c_q7_4,4,Not at all concerned,0.11577522272581209,11.58,175.8625633205123,156,false,https://reports.verasight.io/reports/august-ai-survey-2025#how-concerned-are-you-about-the-following-issues-surrounding-ai-bias-in-ai-model-training-and-output
2025-064c_q7_4,5,I’m unfamiliar with this topic,0.0729923125742011,7.3,110.87532280021382,100,false,https://reports.verasight.io/reports/august-ai-survey-2025#how-concerned-are-you-about-the-following-issues-surrounding-ai-bias-in-ai-model-training-and-output
2025-064c_q7_5,1,Extremely concerned,0.23850350543308949,23.85,362.28682475287064,351,false,https://reports.verasight.io/reports/august-ai-survey-2025#how-concerned-are-you-about-the-following-issues-surrounding-ai-regulation-of-ai-development-and-use
2025-064c_q7_5,2,Very concerned,0.2318836441897302,23.19,352.23125552420765,377,false,https://reports.verasight.io/reports/august-ai-survey-2025#how-concerned-are-you-about-the-following-issues-surrounding-ai-regulation-of-ai-development-and-use
2025-064c_q7_5,3,Somewhat concerned,0.3281972306888358,32.82,498.53159341635217,520,false,https://reports.verasight.io/reports/august-ai-survey-2025#how-concerned-are-you-about-the-following-issues-surrounding-ai-regulation-of-ai-development-and-use
2025-064c_q7_5,4,Not at all concerned,0.14668298342313446,14.67,222.811451819746,204,false,https://reports.verasight.io/reports/august-ai-survey-2025#how-concerned-are-you-about-the-following-issues-surrounding-ai-regulation-of-ai-development-and-use
2025-064c_q7_5,5,I’m unfamiliar with this topic,0.054732636265209904,5.47,83.13887448685561,67,false,https://reports.verasight.io/reports/august-ai-survey-2025#how-concerned-are-you-about-the-following-issues-surrounding-ai-regulation-of-ai-development-and-use
2025-064c_q7_6,1,Extremely concerned,0.262308704349746,26.23,398.44692190727267,410,false,https://reports.verasight.io/reports/august-ai-survey-2025#how-concerned-are-you-about-the-following-issues-surrounding-ai-ai-taking-away-jobs-from-humans
2025-064c_q7_6,2,Very concerned,0.2610883721628651,26.11,396.59323731540053,395,false,https://reports.verasight.io/reports/august-ai-survey-2025#how-concerned-are-you-about-the-following-issues-surrounding-ai-ai-taking-away-jobs-from-humans
2025-064c_q7_6,3,Somewhat concerned,0.2998645434291262,29.99,455.4942414688524,471,false,https://reports.verasight.io/reports/august-ai-survey-2025#how-concerned-are-you-about-the-following-issues-surrounding-ai-ai-taking-away-jobs-from-humans
2025-064c_q7_6,4,Not at all concerned,0.1392857725513986,13.93,211.57508850557898,205,false,https://reports.verasight.io/reports/august-ai-survey-2025#how-concerned-are-you-about-the-following-issues-surrounding-ai-ai-taking-away-jobs-from-humans
2025-064c_q7_6,5,I’m unfamiliar with this topic,0.03745260750686394,3.75,56.89051080292753,38,false,https://reports.verasight.io/reports/august-ai-survey-2025#how-concerned-are-you-about-the-following-issues-surrounding-ai-ai-taking-away-jobs-from-humans
2025-064c_q7_7,1,Extremely concerned,0.3041587662799854,30.42,462.01716597930766,457,false,https://reports.verasight.io/reports/august-ai-survey-2025#how-concerned-are-you-about-the-following-issues-surrounding-ai-loss-of-human-creativity-and-interaction
2025-064c_q7_7,2,Very concerned,0.2510096990652546,25.1,381.2837328801299,406,false,https://reports.verasight.io/reports/august-ai-survey-2025#how-concerned-are-you-about-the-following-issues-surrounding-ai-loss-of-human-creativity-and-interaction
2025-064c_q7_7,3,Somewhat concerned,0.28555731576237037,28.56,433.7615626430498,433,false,https://reports.verasight.io/reports/august-ai-survey-2025#how-concerned-are-you-about-the-following-issues-surrounding-ai-loss-of-human-creativity-and-interaction
2025-064c_q7_7,4,Not at all concerned,0.11345857606689203,11.35,172.34357704561265,175,false,https://reports.verasight.io/reports/august-ai-survey-2025#how-concerned-are-you-about-the-following-issues-surrounding-ai-loss-of-human-creativity-and-interaction
2025-064c_q7_7,5,I’m unfamiliar with this topic,0.04581564282549741,4.58,69.59396145193205,48,false,https://reports.verasight.io/reports/august-ai-survey-2025#how-concerned-are-you-about-the-following-issues-surrounding-ai-loss-of-human-creativity-and-interaction
2025-064c_q7_8,1,Extremely concerned,0.2831877522744095,28.32,430.1621957048372,434,false,https://reports.verasight.io/reports/august-ai-survey-2025#how-concerned-are-you-about-the-following-issues-surrounding-ai-loss-of-human-oversight-in-ai-use
2025-064c_q7_8,2,Very concerned,0.28211340312954974,28.21,428.53025935379515,421,false,https://reports.verasight.io/reports/august-ai-survey-2025#how-concerned-are-you-about-the-following-issues-surrounding-ai-loss-of-human-oversight-in-ai-use
2025-064c_q7_8,3,Somewhat concerned,0.28010656585067273,28.01,425.4818735271809,462,false,https://reports.verasight.io/reports/august-ai-survey-2025#how-concerned-are-you-about-the-following-issues-surrounding-ai-loss-of-human-oversight-in-ai-use
2025-064c_q7_8,4,Not at all concerned,0.10986723603890108,10.99,166.8883315430943,147,false,https://reports.verasight.io/reports/august-ai-survey-2025#how-concerned-are-you-about-the-following-issues-surrounding-ai-loss-of-human-oversight-in-ai-use
2025-064c_q7_8,5,I’m unfamiliar with this topic,0.04472504270646685,4.47,67.93733987112459,55,false,https://reports.verasight.io/reports/august-ai-survey-2025#how-concerned-are-you-about-the-following-issues-surrounding-ai-loss-of-human-oversight-in-ai-use
2025-064c_q7_9,1,Extremely concerned,0.20213847385359893,20.21,307.0483417836233,323,false,https://reports.verasight.io/reports/august-ai-survey-2025#how-concerned-are-you-about-the-following-issues-surrounding-ai-ai-dominating-humans
2025-064c_q7_9,2,Very concerned,0.1751289636395916,17.51,266.0208957685453,261,false,https://reports.verasight.io/reports/august-ai-survey-2025#how-concerned-are-you-about-the-following-issues-surrounding-ai-ai-dominating-humans
2025-064c_q7_9,3,Somewhat concerned,0.3050304613983461,30.5,463.34127086409757,487,false,https://reports.verasight.io/reports/august-ai-survey-2025#how-concerned-are-you-about-the-following-issues-surrounding-ai-ai-dominating-humans
2025-064c_q7_9,4,Not at all concerned,0.254685176771093,25.47,386.86678351529844,382,false,https://reports.verasight.io/reports/august-ai-survey-2025#how-concerned-are-you-about-the-following-issues-surrounding-ai-ai-dominating-humans
2025-064c_q7_9,5,I’m unfamiliar with this topic,0.06301692433737027,6.3,95.72270806846747,66,false,https://reports.verasight.io/reports/august-ai-survey-2025#how-concerned-are-you-about-the-following-issues-surrounding-ai-ai-dominating-humans
2025-064c_q8,1,More job opportunities,0.13697198964937615,13.7,208.0604522774068,222,false,https://reports.verasight.io/reports/august-ai-survey-2025#in-the-long-run-do-you-think-the-use-of-ai-in-the-workplace-will-lead-to
2025-064c_q8,2,Fewer job opportunities,0.6635869868249482,66.36,1007.9886329871177,1006,false,https://reports.verasight.io/reports/august-ai-survey-2025#in-the-long-run-do-you-think-the-use-of-ai-in-the-workplace-will-lead-to
2025-064c_q8,3,Will not make much difference,0.19944102352567553,19.94,302.9509147355076,291,false,https://reports.verasight.io/reports/august-ai-survey-2025#in-the-long-run-do-you-think-the-use-of-ai-in-the-workplace-will-lead-to
2025-064c_q9,1,ChatGPT,0.863158865868098,86.32,1311.1383172536687,1349,false,https://reports.verasight.io/reports/august-ai-survey-2025#which-of-the-following-ai-tools-have-you-heard-of
2025-064c_q9,2,Microsoft Copilot,0.6006257807702019,60.06,912.3505609899561,945,false,https://reports.verasight.io/reports/august-ai-survey-2025#which-of-the-following-ai-tools-have-you-heard-of
2025-064c_q9,3,Google Gemini,0.7664274949326034,76.64,1164.2033648026493,1190,false,https://reports.verasight.io/reports/august-ai-survey-2025#which-of-the-following-ai-tools-have-you-heard-of
2025-064c_q9,4,Claude AI,0.21641688164511616,21.64,328.73724321893843,331,false,https://reports.verasight.io/reports/august-ai-survey-2025#which-of-the-following-ai-tools-have-you-heard-of
2025-064c_q9,5,Grok,0.3565898519779388,35.66,541.6599851545005,545,false,https://reports.verasight.io/reports/august-ai-survey-2025#which-of-the-following-ai-tools-have-you-heard-of
2025-064c_q9,6,Deepseek,0.26116688958857304,26.12,396.7125052850509,389,false,https://reports.verasight.io/reports/august-ai-survey-2025#which-of-the-following-ai-tools-have-you-heard-of
2025-064c_q9,7,Perplexity,0.1708499539393601,17.08,259.5210800338935,274,false,https://reports.verasight.io/reports/august-ai-survey-2025#which-of-the-following-ai-tools-have-you-heard-of
2025-064c_q9,8,Llama by Meta,0.1433232885994123,14.33,217.7080753825119,239,false,https://reports.verasight.io/reports/august-ai-survey-2025#which-of-the-following-ai-tools-have-you-heard-of
2025-064c_q9,9,None of the above,0.0569111274646779,5.69,86.44800261884757,63,false,https://reports.verasight.io/reports/august-ai-survey-2025#which-of-the-following-ai-tools-have-you-heard-of
